Date,Aruba,Afghanistan,Angola,Albania,Andorra,Arab World,United Arab Emirates,Argentina,Armenia,American Samoa,Antigua and Barbuda,Australia,Austria,Azerbaijan,Burundi,Belgium,Benin,Burkina Faso,Bangladesh,Bulgaria,Bahrain,"Bahamas, The",Bosnia and Herzegovina,Belarus,Belize,Bermuda,Bolivia,Brazil,Barbados,Brunei Darussalam,Bhutan,Botswana,Central African Republic,Canada,Central Europe and the Baltics,Switzerland,Channel Islands,Chile,China,Cote d'Ivoire,Cameroon,"Congo, Dem. Rep.","Congo, Rep.",Colombia,Comoros,Cabo Verde,Costa Rica,Caribbean small states,Cuba,Curacao,Cayman Islands,Cyprus,Czech Republic,Germany,Djibouti,Dominica,Denmark,Dominican Republic,Algeria,East Asia & Pacific (excluding high income),Early-demographic dividend,East Asia & Pacific,Europe & Central Asia (excluding high income),Europe & Central Asia,Ecuador,"Egypt, Arab Rep.",Euro area,Eritrea,Spain,Estonia,Ethiopia,European Union,Fragile and conflict affected situations,Finland,Fiji,France,Faroe Islands,"Micronesia, Fed. Sts.",Gabon,United Kingdom,Georgia,Ghana,Gibraltar,Guinea,"Gambia, The",Guinea-Bissau,Equatorial Guinea,Greece,Grenada,Greenland,Guatemala,Guam,Guyana,High income,"Hong Kong SAR, China",Honduras,Heavily indebted poor countries (HIPC),Croatia,Haiti,Hungary,IBRD only,IDA & IBRD total,IDA total,IDA blend,Indonesia,IDA only,Isle of Man,India,Not classified,Ireland,"Iran, Islamic Rep.",Iraq,Iceland,Israel,Italy,Jamaica,Jordan,Japan,Kazakhstan,Kenya,Kyrgyz Republic,Cambodia,Kiribati,St. Kitts and Nevis,"Korea, Rep.",Kuwait,Latin America & Caribbean (excluding high income),Lao PDR,Lebanon,Liberia,Libya,St. Lucia,Latin America & Caribbean,Least developed countries: UN classification,Low income,Liechtenstein,Sri Lanka,Lower middle income,Low & middle income,Lesotho,Late-demographic dividend,Lithuania,Luxembourg,Latvia,"Macao SAR, China",St. Martin (French part),Morocco,Monaco,Moldova,Madagascar,Maldives,Middle East & North Africa,Mexico,Marshall Islands,Middle income,North Macedonia,Mali,Malta,Myanmar,Middle East & North Africa (excluding high income),Montenegro,Mongolia,Northern Mariana Islands,Mozambique,Mauritania,Mauritius,Malawi,Malaysia,North America,Namibia,New Caledonia,Niger,Nigeria,Nicaragua,Netherlands,Norway,Nepal,Nauru,New Zealand,OECD members,Oman,Other small states,Pakistan,Panama,Peru,Philippines,Palau,Papua New Guinea,Poland,Pre-demographic dividend,Puerto Rico,"Korea, Dem. People’s Rep.",Portugal,Paraguay,West Bank and Gaza,Pacific island small states,Post-demographic dividend,French Polynesia,Qatar,Romania,Russian Federation,Rwanda,South Asia,Saudi Arabia,Sudan,Senegal,Singapore,Solomon Islands,Sierra Leone,El Salvador,San Marino,Somalia,Serbia,Sub-Saharan Africa (excluding high income),South Sudan,Sub-Saharan Africa,Small states,Sao Tome and Principe,Suriname,Slovak Republic,Slovenia,Sweden,Eswatini,Sint Maarten (Dutch part),Seychelles,Syrian Arab Republic,Turks and Caicos Islands,Chad,East Asia & Pacific (IDA & IBRD countries),Europe & Central Asia (IDA & IBRD countries),Togo,Thailand,Tajikistan,Turkmenistan,Latin America & the Caribbean (IDA & IBRD countries),Timor-Leste,Middle East & North Africa (IDA & IBRD countries),Tonga,South Asia (IDA & IBRD),Sub-Saharan Africa (IDA & IBRD countries),Trinidad and Tobago,Tunisia,Turkey,Tuvalu,Tanzania,Uganda,Ukraine,Upper middle income,Uruguay,United States,Uzbekistan,St. Vincent and the Grenadines,"Venezuela, RB",British Virgin Islands,Virgin Islands (U.S.),Vietnam,Vanuatu,World,Samoa,Kosovo,"Yemen, Rep.",South Africa,Zambia,Zimbabwe
1990,1497859850,,36607761178,8378950164,,1.51587E+12,1.33305E+11,2.40729E+11,8592656883,,708236061.7,2.95733E+11,1.49275E+11,40834005196,3626173850,1.85983E+11,4725432531,4827699204,88749600890,65327943280,11300309044,5155296043,,55319352228,611831357.4,1561225624,16494243220,9.99955E+11,2505443362,14219219969,810706506.5,7099010654,1789778510,5.58639E+11,7.85684E+11,1.85312E+11,,59884081816,1.12116E+12,25425059803,22962697170,31151386976,8140747524,1.66028E+11,689235818.3,367595865.2,15676901532,35637305505,,,,7728701330,1.30819E+11,1.54869E+12,,304260231.7,93644820441,25532153385,1.72171E+11,2.31498E+12,5.61175E+12,5.83768E+12,2.51481E+12,9.77939E+12,49545354106,2.14842E+11,5.29336E+12,,5.311E+11,,20343913832,6.2274E+12,4.78867E+11,90450307471,2785550983,1.02636E+12,,170531157.8,12049780680,9.5594E+11,25997072703,18222107340,,5536010367,1518331872,1033867497,276854018.5,1.35526E+11,452461145.5,,30663425162,,1386913361,1.82808E+13,99853605667,10314496198,3.51286E+11,,9416609253,,9.96167E+12,1.10845E+13,1.14529E+12,5.86167E+11,5.44587E+11,5.5094E+11,,1.07996E+12,,48275909474,4.15676E+11,1.30611E+11,5602193312,70698268427,1.05548E+12,11465599949,14721353482,2.41653E+12,1.38448E+11,36150054424,9901280757,,91329588.97,409907450.9,3.54675E+11,,2.46979E+12,4720034923,10156274895,,,862760260.3,2.63907E+12,4.52302E+11,3.09864E+11,,40623250291,3.42412E+12,1.07666E+13,1436380546,5.2826E+12,,11327502021,,9009156246,,63709713550,,,14511471399,,1.97014E+12,5.45539E+11,94470651.77,1.04841E+13,11034512510,6986316434,3307411814,19587246272,1.18963E+12,,7260406892,,,3697618186,5208493719,4557663029,1.23513E+11,6.52334E+12,5312408315,,4651398951,2.0765E+11,8051070392,2.86252E+11,78180942392,14575392404,,49492829661,1.78671E+13,41208037202,,2.13466E+11,12595539703,75248202377,1.61207E+11,,6643330891,2.35358E+11,6.85761E+11,51016934698,,1.1742E+11,21741783420,,4529223056,1.72332E+13,,,1.22324E+11,1.18788E+12,4095046859,1.44743E+12,4.49828E+11,29320577382,11347250418,69033137070,381082010.6,3499517620,15430539486,,,,8.75282E+11,,8.75923E+11,,,2738878912,,24698237391,1.73047E+11,3006217565,,641234667.5,,,4292462151,2.31061E+12,2.79096E+12,3180297355,2.44191E+11,12554009521,19882201522,2.53694E+12,,1.18521E+12,220696580.1,1.44743E+12,8.75923E+11,8646709961,29997651032,3.31137E+11,13751039.24,24576785800,8707548750,3.52364E+11,7.05522E+12,19860060987,5.96314E+12,51262359995,389007409.1,1.86254E+11,,,64308647118,242576330.7,2.90395E+13,390351280.7,,26031651343,2.36425E+11,12199338330,19087966758
1991,1671819991,,38220933544,6236674650,,1.57191E+12,1.38998E+11,2.716E+11,7843900653,,748125655.9,3.07499E+11,1.59635E+11,41919407025,3936123704,1.95797E+11,5091675351,5443639510,94948623286,61833420386,12994397764,5106761671,,56503838684,705034551.3,1556976718,17950088504,1.0494E+12,2489157066,15162535120,834704118,7886482617,1840080718,5.65255E+11,7.3472E+11,1.89825E+11,,66835784909,1.2668E+12,26295630334,22835106958,29492863704,8617642984,1.75078E+11,674097796.1,385363197.2,16574252012,37632793852,,,,8049153768,1.19534E+11,1.68285E+12,,318784891.4,98160834393,26644799446,1.75857E+11,2.57782E+12,6.08064E+12,6.37394E+12,2.45476E+12,1.00682E+13,53418919280,2.24607E+11,5.61814E+12,,5.6304E+11,,19530748035,6.52898E+12,3.87086E+11,87964157989,2801998113,1.07219E+12,,189392366.7,13218726179,9.77529E+11,21205345441,19833342608,,5872796783,1618448662,1123340719,283290728.2,1.44452E+11,474243336.6,,32860066303,,1520673999,1.92284E+13,1.09117E+11,10309359202,3.65683E+11,,9918128053,86228024157,1.04203E+13,1.16014E+13,1.20501E+12,6.18726E+11,6.01919E+11,5.77334E+11,,1.12828E+12,,50871587671,4.82949E+11,48546562177,5778699934,78736081482,1.10796E+12,12426831344,15496775968,2.58363E+12,1.27386E+11,37910107972,9432473536,,94418132.52,415869543.3,4.04634E+11,,2.64808E+12,5089312453,15691579223,,,895287502.9,2.83156E+12,4.7623E+11,3.21182E+11,,43928887356,3.59184E+12,1.12831E+13,1588406437,5.53219E+12,,12722856912,,9654606621,,70617040613,,,14055644060,,2.10396E+12,5.88613E+11,97751255.31,1.09895E+13,10703731782,8070882925,3633186156,20117891508,1.20804E+12,,6853404200,,4326759612,3891015141,5623464721,5123142427,1.39878E+11,6.72494E+12,5940521401,,4929117470,2.15442E+11,8307583384,3.03151E+11,83318016106,16027868352,,50909736696,1.87179E+13,45189246502,,2.31855E+11,14247984957,79519339027,1.65695E+11,,7523672292,2.26247E+11,6.22358E+11,53957589455,,1.26693E+11,23262306466,,4654352345,1.80139E+13,,,1.10124E+11,1.16607E+12,4127084288,1.52562E+12,5.34833E+11,32588844489,12030810245,76141075720,417623892.4,3702953464,16190748157,,,,9.08988E+11,,9.09669E+11,,,2907951609,,23261112636,1.76849E+11,3162590891,,681219064.5,,,4816379921,2.57296E+12,2.72068E+12,3264833380,2.74054E+11,12057078131,19607976995,2.72331E+12,,1.20355E+12,242796325.8,1.52562E+12,9.09669E+11,9217342457,32222979725,3.45648E+11,14729147.06,25934361603,9501997382,3.33642E+11,7.39272E+12,21258256554,6.15813E+12,52735187796,406730223.7,2.11288E+11,,,70446380658,258652449.8,3.05033E+13,394270282.8,,28605681884,2.41932E+11,12607333043,20825088062
1992,1810502721,,36809655606,5920351122,,1.69017E+12,1.46921E+11,2.99838E+11,4669185550,,774037974.3,3.18223E+11,1.66691E+11,33185026995,4066485118,2.03324E+11,5361738969,5580651693,1.02398E+11,58643304017,14179664302,5023324585,,52243523689,808062501.4,1591507501,18661437492,1.0683E+12,2400957775,16246039709,893005278.5,8301505298,1761112390,5.83241E+11,7.35913E+11,1.94066E+11,,77143487637,1.47986E+12,26829109365,22631476932,26997653662,9044249087,1.86311E+11,748277563,437255490.8,18510961740,39694109135,,,,9006449668,1.21639E+11,1.75462E+12,,332668469.8,1.02363E+11,30309939727,1.83102E+11,2.90745E+12,6.48634E+12,6.87588E+12,2.2531E+12,1.01319E+13,55791468367,2.40001E+11,5.82586E+12,2377345803,5.81222E+11,,18243435487,6.74539E+12,4.24865E+11,86968920474,3040670175,1.11416E+12,,201472310.8,13102182109,1.00355E+12,11950416347,21072279132,,6203106223,1711260131,1161578971,390420070.1,1.48779E+11,480922403,,35235030387,,1675989396,2.0125E+13,1.18562E+11,11184727927,3.71598E+11,,9605505380,85490687609,1.08853E+13,1.21193E+13,1.25907E+12,6.53574E+11,6.55637E+11,5.95005E+11,,1.21726E+12,,53770420208,5.07957E+11,65835868208,5710980926,86778991295,1.14266E+12,12958577433,18808297256,2.66492E+12,1.23383E+11,38464048454,8307527367,,97416939.08,443504258.4,4.39413E+11,59059539662,2.78002E+12,5494700120,18687394960,,,988515839.8,2.98301E+12,4.92429E+11,3.19516E+11,,46906901925,3.79236E+12,1.17755E+13,1737618201,5.71186E+12,,13249581333,,11187841175,,70711218375,,,14546480081,,2.25168E+12,6.25706E+11,107118212.2,1.14804E+13,10228924392,7989116449,3890297398,22564230105,1.29379E+12,,6360746986,,4155315924,4054272165,6126203895,4855653857,1.55777E+11,7.10516E+12,6512717738,,4712924405,2.30556E+11,8529733105,3.15349E+11,88262744964,17066297311,,52685065245,1.95718E+13,50107886627,,2.55413E+11,15767888395,80891907664,1.70043E+11,,8760834990,2.37223E+11,6.5915E+11,57706007413,,1.30992E+11,24196054618,,5020258394,1.87546E+13,,,1.02759E+11,1.01934E+12,4469032521,1.65048E+12,5.68834E+11,35524015211,12457888898,83046982290,481347282.1,3067256776,17721889319,,,,9.28205E+11,,9.28953E+11,,,2986118048,38010686424,22491425795,1.78784E+11,3339020375,,746640471.3,,,5320303172,2.90196E+12,2.52799E+12,3206311416,3.02957E+11,8755611875,17053422431,2.86865E+12,,1.28898E+12,248955185.8,1.65048E+12,9.28953E+11,10378902520,35529870316,3.74698E+11,15484948.3,26680375621,10050753551,3.08148E+11,7.68245E+12,23467255229,6.52033E+12,47896033277,442527931.8,2.292E+11,,,78281421013,271404001.6,3.18921E+13,402448869.5,,31658923688,2.42157E+11,12671446384,19379385815
1993,1988839272,,28644401034,6639980530,,1.78443E+12,1.52299E+11,3.32133E+11,4359188275,,834215180.9,3.38002E+11,1.71539E+11,26123909397,3903070859,2.06139E+11,5809107865,5910617497,1.09763E+11,59144114905,16383781590,5158169673,,49416737947,879120777.8,1678230800,19919167154,1.14463E+12,2477335562,16681607298,932321706.3,8661025675,1808882557,6.12913E+11,7.6532E+11,1.98413E+11,,85334370927,1.725E+12,27411900578,21330004245,23914821336,9167828407,2.00996E+11,789032976.3,486595032.9,20292590101,41931000430,,,,9284376612,1.24598E+11,1.77435E+12,,347913469.5,1.04799E+11,33313133202,1.83504E+11,3.28663E+12,6.96711E+12,7.4164E+12,2.16718E+12,1.02234E+13,58240295068,2.52814E+11,5.91937E+12,2761116548,5.88855E+11,8659868921,21130186381,6.86618E+12,4.67795E+11,88407250162,3179013953,1.13339E+12,,223035510,13941945538,1.05328E+12,8649123354,22617760321,,6670382166,1804570807,1214071133,443766682.2,1.49867E+11,482673224.4,,37486357513,,1855958427,2.08941E+13,1.28897E+11,12193467382,3.84538E+11,,9299514332,87012011804,1.16493E+13,1.29254E+13,1.29954E+12,6.67677E+11,7.14773E+11,6.22107E+11,,1.3053E+12,,56526508523,5.254E+11,87809749927,5923078124,92492128760,1.15976E+12,14514837841,20145551176,2.71393E+12,1.14686E+11,39514442292,7189639973,11469194004,100592193.5,484894649.3,4.80622E+11,81009062922,3.06894E+12,5957459471,21189640689,,,1017838168,3.2881E+12,5.07272E+11,3.28156E+11,,51331548067,3.95985E+12,1.25573E+13,1841218524,6.11307E+12,,14133257898,,12046947225,,71850476435,,,15203328348,,2.3659E+12,7.58247E+11,116242360.4,1.22518E+13,9689148244,8437833643,4160913922,24493873660,1.36144E+12,,6305116604,,4704202541,4394104527,6590064832,5452450007,1.75248E+11,7.47315E+12,6561714035,,4894516181,2.31216E+11,8697515898,3.26881E+11,92924788714,18143239385,,57014829586,2.04152E+13,54394824383,,2.6606E+11,17022111427,87150589237,1.77756E+11,,10600858217,2.51922E+11,6.81475E+11,61816896325,,1.31356E+11,25992029970,,5282903074,1.93769E+13,,,1.06802E+11,9.53034E+11,4203950550,1.76279E+12,5.7437E+11,38027135347,12918940394,94759715185,512345816.7,3183088556,19197482772,,,,9.43669E+11,,9.44482E+11,,,2852057474,39723767482,23678970345,1.79239E+11,3524302180,,811693359.4,,,4590742403,3.28043E+12,2.45635E+12,2786790908,3.35725E+11,7493115549,17719327822,3.16438E+12,,1.35638E+12,264380181.4,1.76279E+12,9.44482E+11,10553715652,37168149917,4.14356E+11,16503449.88,27641842946,11145566657,2.70573E+11,8.28691E+12,24661689495,6.85856E+12,47903115578,472270331.9,2.35276E+11,,,86605300994,279920136.7,3.34399E+13,428875305,,33706010100,2.50952E+11,13853388318,20047131797
1994,2197955100,,29647912555,7344850517,,1.87663E+12,1.66278E+11,3.59023E+11,4692696345,,908911942.4,3.58251E+11,1.7941E+11,21425448112,3833736464,2.17335E+11,6053027795,6116216341,1.16468E+11,61505273007,16691803038,5434210961,3751129100,44566749718,899315269.4,1724345157,21294050433,1.23144E+12,2581113602,17573730028,999380024.4,9166895788,1938036059,6.5413E+11,8.13285E+11,2.05223E+11,,93055582546,1.9918E+12,28224364027,22248190166,23472899887,8849246830,2.17225E+11,763357184,592320662.6,21655940843,43997160910,,,,10042108453,1.30961E+11,1.85354E+12,,355463559.8,1.12745E+11,34909252168,1.85736E+11,3.70163E+12,7.35262E+12,8.05034E+12,1.96786E+12,1.04308E+13,62016921354,2.68472E+11,6.19215E+12,3418536952,6.15763E+11,8699522406,22269834774,7.19853E+12,4.94434E+11,93876204111,3412489723,1.18489E+12,,226580533.5,14768342503,1.11751E+12,7915098697,23863059383,,7083295798,1845949992,1279676027,528793075.4,1.56128E+11,501329020.5,,39831225093,,2057329943,2.20554E+13,1.39596E+11,12480234224,3.93915E+11,,8363012158,91489185791,1.23015E+13,1.36181E+13,1.33935E+12,6.89329E+11,7.8508E+11,6.39809E+11,,1.42194E+12,,61056614849,5.28507E+11,93141750137,6267878176,1.01484E+11,1.21E+12,15029869161,21601731673,2.79941E+12,1.02376E+11,41420770400,5868279478,7636584332,104511600.9,521502881.1,5.36077E+11,89718905104,3.28309E+12,6581123457,23396265948,,,1056191069,3.51912E+12,5.24272E+11,3.379E+11,,55363578000,4.17152E+12,1.32204E+13,1992989151,6.53184E+12,,14986601656,13610829974,12827405314,,81154734517,,,15516857676,,2.4682E+12,8.12704E+11,125702868.2,1.29043E+13,9722059282,8943768570,4489923875,26887664791,1.41036E+12,,6577203733,,5118703521,4350571621,7009182672,4998616985,1.95478E+11,7.94309E+12,6817765110,,5199221986,2.31867E+11,9179739048,3.43747E+11,99707171449,20053146304,,61874510843,2.15071E+13,57709599022,,2.81897E+11,17881113042,99967456146,1.89517E+11,,11470592308,2.70919E+11,6.98338E+11,65779806577,,1.35455E+11,27958808952,5493827143,5654753285,2.03518E+13,,,1.13372E+11,8.51032E+11,2136209099,1.90892E+12,5.89913E+11,39229969295,13192522217,1.07524E+11,571396343.9,3187748928,20526967536,,,,9.73657E+11,,9.74482E+11,,,3012000319,43089662744,25472971952,1.90412E+11,3685973679,,822404680.3,,,5164067704,3.69464E+12,2.27441E+12,3272743825,3.70315E+11,6023007123,14966825286,3.38717E+12,,1.40512E+12,283398794.6,1.90892E+12,9.74482E+11,11163586612,39168413840,4.00127E+11,18589231.32,28674684836,12112528865,2.12972E+11,8.72745E+12,27022357126,7.28724E+12,46381875045,476336568.9,2.34654E+11,,,96273142038,311789475.7,3.52639E+13,426898185.2,,36739843218,2.64513E+11,12928778678,22366140716
1995,2301201474,,34810016153,8497882715,,1.96771E+12,1.81118E+11,3.56122E+11,5121679698,,887515483.1,3.77604E+11,1.8806E+11,19293488640,3604124871,2.27184E+11,6553539803,6601419933,1.25E+11,64590988898,17711543360,5791097245,4626379030,40769110154,924087612,1837948841,22757632966,1.31279E+12,2688308783,18745801085,1092515056,10017093964,2121138792,6.85729E+11,8.75058E+11,2.10534E+11,,1.05726E+11,2.25622E+12,30869548837,23502849953,24132842320,9394866716,2.33318E+11,807500127.1,690684165.8,23021293446,46188892599,,,,11110051283,1.42026E+11,1.92173E+12,,373914030.6,1.18594E+11,37667598313,1.96837E+11,4.14077E+12,7.77211E+12,8.75908E+12,1.9676E+12,1.08607E+13,64743564878,2.86827E+11,6.47659E+12,3589981560,6.4601E+11,9283969508,24129995380,7.55436E+12,5.23945E+11,99890732316,3571144920,1.23522E+12,,247558216.2,15827966976,1.19068E+12,8291172319,25365353677,,7565039217,1901276257,1363995056,634285984.9,1.62749E+11,522740572,,42678815723,,2206152640,2.32088E+13,1.45906E+11,13530560140,4.21822E+11,36780994654,9383473340,94798888846,1.31084E+13,1.45009E+13,1.41615E+12,7.21054E+11,8.67429E+11,6.85316E+11,,1.56172E+12,,68342626758,5.51906E+11,97110805291,6406765590,1.10453E+11,1.27104E+12,15705621539,23419061817,2.93648E+12,95952043874,44152651929,5666368460,8568855432,106703032.8,561099619.5,5.99699E+11,96050361653,3.38697E+12,7191556822,25427276049,,,1097189363,3.64271E+12,5.65793E+11,3.59347E+11,,59633352226,4.47798E+12,1.40657E+13,2101742090,7.05101E+12,21498921271,16196147616,13646262405,13528124266,,78377652191,,8490306607,16113472578,1447688548,2.58833E+12,7.77544E+11,138879390.5,1.37295E+13,9815267543,9215405664,4874814330,29358794880,1.47967E+12,,7143301098,,5343844624,4877971247,7462990412,5957172969,2.19194E+11,8.32732E+12,7232121671,,5446560696,2.36557E+11,9926299862,3.61891E+11,1.06028E+11,21183744845,,65781972639,2.25644E+13,61863781692,,3.02091E+11,18575837158,1.09628E+11,2.02544E+11,,11323186711,2.95829E+11,7.34497E+11,70214157516,,1.44218E+11,30492633158,6008302425,5983716345,2.13473E+13,,,1.22964E+11,8.32875E+11,2949239582,2.08404E+12,6.0356E+11,42454544291,14191561203,1.17684E+11,631352151.8,2994231422,21949707042,,,37212470890,1.02718E+12,,1.02801E+12,,,3075156884,46563976934,27075320277,2.02184E+11,3944864255,,832716620,,,5337544692,4.13295E+12,2.30007E+12,3603525851,4.08781E+11,5385782589,14180440990,3.5038E+12,,1.4739E+12,300081167.6,2.08404E+12,1.02801E+12,11831909445,40930135342,4.37914E+11,18029223.17,30321070015,13791531044,1.9091E+11,9.24522E+12,27189592711,7.63975E+12,46928234878,524099382.6,2.49042E+11,,,1.07669E+11,321547882.9,3.72607E+13,464936556,,39636809153,2.78431E+11,13582361976,22871206297
1996,2371124241,,40248524980,9440948344,,2.09639E+12,1.95129E+11,3.82685E+11,5521366818,,963458276.5,4.0233E+11,1.95228E+11,19902166123,3376508109,2.30714E+11,6962119839,7462737431,1.33046E+11,56694173468,18777121605,6146201272,8901964625,42678044012,954447513.2,1920272819,24185044376,1.36634E+12,2846389903,19638485783,1174432968,10795179387,2073576389,7.09535E+11,9.17445E+11,2.15989E+11,,1.16868E+11,2.52564E+12,33864476854,24976941699,24323280274,9977355258,2.42475E+11,811664330.2,783134409.8,23732999497,48625489064,,,,11439241384,1.50432E+11,1.96987E+12,,392582836.1,1.24793E+11,40650236189,2.08659E+11,4.58697E+12,8.363E+12,9.48577E+12,1.98947E+12,1.12481E+13,67070764026,3.06649E+11,6.69457E+12,3994191994,6.76455E+11,9731479074,27625160471,7.82089E+12,5.72083E+11,1.0281E+11,3811087318,1.27462E+12,,244068624,16702059430,1.27106E+12,9388600922,27018607674,,8047257417,1979139038,1550090773,1075940130,1.71112E+11,555937374.1,,44745737371,,2425272493,2.43892E+13,1.54905E+11,14036070206,4.52118E+11,39578795718,9950950433,96310316672,1.40744E+13,1.55596E+13,1.51E+12,7.66775E+11,9.52371E+11,7.33097E+11,,1.71038E+12,,74493175990,5.91086E+11,1.09787E+11,6664915896,1.18139E+11,1.30946E+12,15975007059,24345659965,3.08295E+12,98197500176,46825565181,6178905806,9240355639,110498438.9,604759048.9,6.57058E+11,98400942495,3.56965E+12,7830613974,28815108549,,,1149932717,3.84504E+12,6.09035E+11,3.83535E+11,,63032797164,4.83578E+12,1.50873E+13,2260014830,7.5527E+12,22976159143,17125607236,14200231711,13718067855,,89687906611,,8137649824,16761120285,1590048044,2.76079E+12,8.45411E+11,126851668.2,1.47281E+13,10113439113,10046267547,5195228008,31822501069,1.59575E+12,,7436680042,,6051419109,5256326305,8024296093,6510098883,2.45534E+11,8.78458E+12,7599570533,,5735921684,2.50996E+11,10749335510,3.80252E+11,1.17382E+11,22721023269,,68907771507,2.374E+13,64915363025,,3.22532E+11,19687681757,1.1476E+11,2.1831E+11,,12422252920,3.18828E+11,7.92203E+11,73154096650,,1.49979E+11,31539638112,6192663063,6304426397,2.23709E+13,,,1.29792E+11,8.17527E+11,3386025037,2.26738E+12,6.30821E+11,45790850195,14742193578,1.28792E+11,653232304.8,3102531733,22534377725,,,38813206079,1.09998E+12,,1.10087E+12,,,3162778610,50485089008,28417560597,2.09891E+11,4171434917,,889662758.8,,,5555639520,4.57831E+12,2.34782E+12,3993752972,4.39794E+11,4568503561,15407574086,3.69939E+12,,1.58984E+12,305606963.7,2.26738E+12,1.10087E+12,12908156824,44658035137,4.76443E+11,17264877.01,32279388586,15318151286,1.74965E+11,9.88516E+12,29231836390,8.07312E+12,48599892928,540565137.1,2.531E+11,,,1.19881E+11,335059713.2,3.94598E+13,507438479.3,,42233363346,2.95721E+11,14691150061,25702989878
1997,2581983077,,43920842825,8555019547,,2.22385E+12,2.14751E+11,4.20859E+11,5803107765,,1033693101,4.24683E+11,2.0258E+11,21419588023,3380120069,2.41599E+11,7488314622,8070961930,1.41416E+11,47351900364,19691703799,6381120871,12169606680,48363176502,1005321343,2043241581,25820927971,1.43709E+12,3032721170,19683232219,1258885216,11895624092,2221126252,7.52659E+11,9.50269E+11,2.25516E+11,,1.27713E+11,2.80635E+12,35738028259,26736797080,23352899266,10085989172,2.55117E+11,858935988.2,885212395.3,25485752243,51046776274,,,,11925393166,1.51786E+11,2.0156E+12,,408079548.3,1.31733E+11,45025371077,2.14592E+11,4.97936E+12,8.87238E+12,1.00947E+13,2.06503E+12,1.17565E+13,71180112704,3.2907E+11,6.98532E+12,4384402689,7.17463E+11,11151738182,28982201927,8.14849E+12,6.32095E+11,1.12008E+11,3791515674,1.3337E+12,,233229415.2,17965020788,1.34362E+12,10555117799,28637862590,,8610190888,2111917207,1679313725,2735937952,1.82885E+11,593887729.7,,47503746036,,2619576486,2.56668E+13,1.65612E+11,14934626164,4.79659E+11,42917559676,10396329582,1.01092E+11,1.50273E+13,1.65872E+13,1.58472E+12,7.95617E+11,1.01433E+12,7.79755E+11,,1.81034E+12,,83130237881,6.04178E+11,1.35399E+11,7296172764,1.24982E+11,1.35816E+12,16065148466,25584689864,3.16985E+12,1.01589E+11,47859231175,6908667667,9776305687,114277261.8,657165509,7.07971E+11,1.02574E+11,3.81878E+12,8513050735,29621225470,,,1161642377,4.11735E+12,6.49189E+11,4.04794E+11,,68226854020,5.11009E+12,1.60735E+13,2384131664,8.08728E+12,25276081840,17971798930,15734397926,13915613507,,89810578231,,8414318314,17679893484,1753300586,2.90151E+12,9.18871E+11,120721652.1,1.56935E+13,10435977248,10713006846,5791708480,34200733227,1.67979E+12,,7859700656,,6851385448,5130697381,8626916145,6873506033,2.68058E+11,9.33226E+12,8056856645,,5995520656,2.62823E+11,11368437310,4.06101E+11,1.26012E+11,24279699422,,72363960725,2.50149E+13,70018972982,,3.31421E+11,21321128204,1.243E+11,2.3359E+11,,12143084458,3.44841E+11,8.57488E+11,78047103552,,1.59591E+11,33444652672,7223403130,6315203255,2.34954E+13,,,1.25479E+11,8.4311E+11,3921456074,2.39231E+12,6.48782E+11,51502498277,15464899382,1.41913E+11,654930002.2,2970548952,23641579423,1314403153,,42319248989,1.15963E+12,,1.16064E+12,,,3400704322,54290933349,30347795066,2.17969E+11,4375030179,,1013256587,,,5970938574,4.96997E+12,2.45277E+12,4646719236,4.35059E+11,4725388102,13886509137,3.96185E+12,,1.6728E+12,310467760.5,2.39231E+12,1.16064E+12,14118550704,47899832309,5.20776E+11,19319416.39,33993572230,16376993511,1.72643E+11,1.05764E+13,32277638750,8.57755E+12,52008718286,569164647,2.73867E+11,,,1.3189E+11,357583614.5,4.17212E+13,519509989.2,,45209002779,3.08642E+11,15514466640,26847083719
1998,2663055514,,46498762067,9451335237,,2.38043E+12,2.17802E+11,4.41982E+11,6296817802,,1094785252,4.52745E+11,2.12778E+11,23826737102,3580526802,2.48632E+11,7872548624,8758243881,1.50412E+11,50706678031,20867187391,6757293538,14226403824,53015740909,1054665216,2146821991,27424789531,1.45818E+12,3181201681,19793601111,1348343046,12082882323,2351696578,7.90677E+11,9.91558E+11,2.34051E+11,,1.34736E+11,3.06036E+12,37922227855,28255042328,23232184908,10580721074,2.59458E+11,879743465.2,1007227334,27566810723,53123146168,,,2427211519,12737753789,1.53452E+11,2.07946E+12,,428246199.3,1.36921E+11,48589386276,2.28074E+11,5.07883E+12,9.16105E+12,1.02028E+13,2.08363E+12,1.22166E+13,74332548420,3.51328E+11,7.33438E+12,4512341928,7.6812E+11,11696778105,28294877194,8.54507E+12,7.22042E+11,1.21502E+11,3884034444,1.4059E+12,,242577468.5,18799046473,1.38246E+12,11005332626,30321429590,,9024397639,2210436289,1221016746,3424507582,1.93328E+11,671160312.2,,50437221793,,2604579863,2.6706E+13,1.57624E+11,15644941219,5.01857E+11,44347461213,10742726742,1.06751E+11,1.55668E+13,1.71955E+13,1.6551E+12,8.2586E+11,8.91095E+11,8.20206E+11,,1.94393E+12,,93038154877,6.24284E+11,1.8465E+11,7861923153,1.31675E+11,1.42384E+12,15866694243,26647261894,3.16936E+12,1.0078E+11,49990290837,7134666596,10349182073,123141408.6,661330530.5,6.76769E+11,1.07527E+11,3.94669E+12,8950432958,31052671987,,,1248565149,4.26369E+12,6.82922E+11,4.22777E+11,,72236426964,5.22078E+12,1.66501E+13,2448037901,8.38439E+12,27553461195,18855205924,16985824991,13429059800,,97395570592,,7952346550,18581942181,1905917646,3.08056E+12,9.77197E+11,121080115.9,1.6254E+13,10937048449,11653866895,6113977455,36614538558,1.81431E+12,,8213626804,,7616274471,5332569286,9253730749,7221622715,2.51125E+11,9.85564E+12,8415721405,,6694903395,2.72642E+11,11923100823,4.35223E+11,1.24905E+11,25293585677,,73793768984,2.60833E+13,72678012422,,3.43699E+11,23144010303,1.25207E+11,2.34856E+11,,11816919397,3.66199E+11,9.41681E+11,83290694685,,1.69541E+11,33844090175,8351775144,6503485733,2.442E+13,,,1.24786E+11,8.07029E+11,4316891629,2.55336E+12,6.75067E+11,54326131825,16561451026,1.40359E+11,674115944.9,3057604615,24542221381,1429058982,,43835688328,1.20207E+12,,1.20318E+12,,,3518076526,57262629058,31816608429,2.27527E+11,4539481825,,1110767344,,,6457889023,5.06924E+12,2.49423E+12,4590947373,4.06371E+11,5032452587,15039843812,4.10001E+12,,1.80616E+12,322498181,2.55336E+12,1.20318E+12,15437439080,50756159294,5.57854E+11,22565312.07,35651021336,17373696629,1.71269E+11,1.10268E+13,34115937922,9.06282E+12,54855632779,599108579.2,2.77764E+11,,,1.41063E+11,377162748.9,4.33368E+13,536888173.2,,48463970329,3.13676E+11,15628565090,27932566589
1999,2734950491,,48199123943,10792597200,,2.47053E+12,2.27359E+11,4.33184E+11,6598526612,,1151771373,4.78153E+11,2.2064E+11,25959383624,3595537122,2.60169E+11,8412792261,9542534476,1.59709E+11,47352047384,22078712484,7344574321,15817258392,55609743795,1163818367,2251485808,27939513460,1.48615E+12,3237931752,20692236087,1477016074,13442281512,2471533271,8.43508E+11,1.02254E+12,2.41568E+11,,1.36118E+11,3.34259E+12,39092009045,29893209965,22561241765,10456325883,2.52139E+11,909619525.2,1136439341,29067573062,56099764724,,,2545972317,13501970764,1.57591E+11,2.15851E+12,,435970501.8,1.41846E+11,52218826453,2.38771E+11,5.45361E+12,9.52729E+12,1.07847E+13,2.14979E+12,1.27029E+13,71831994217,3.77975E+11,7.63528E+12,4578108332,8.05891E+11,11705258559,30185110941,8.89279E+12,7.90284E+11,1.27935E+11,4286842095,1.47052E+12,,249462072.3,17366974798,1.43271E+12,11484558354,32112615772,,9503669436,2385861069,1251348603,4365505994,1.98712E+11,727818086.1,,53133802258,,2720397560,2.79697E+13,1.63908E+11,15754069531,5.25993E+11,44421181921,11193188834,1.11315E+11,1.63941E+13,1.8101E+13,1.73432E+12,8.5726E+11,9.11113E+11,8.68744E+11,,2.14644E+12,,1.01361E+11,6.38715E+11,2.20251E+11,8189172393,1.38333E+11,1.45719E+12,16264409379,27953645079,3.20702E+12,1.04996E+11,51881162237,7502271403,11832491559,122997492.6,692477029,7.64178E+11,1.07128E+11,4.00071E+12,9743053693,31335447050,,88140288252,1300417642,4.32856E+12,7.24019E+11,4.45031E+11,,76430788335,5.55925E+12,1.75347E+13,2495204281,8.87966E+12,27565324035,21794057204,17666557468,13301562241,,99870146893,,7795440225,19728482871,2052837663,3.18859E+12,1.0186E+12,121286594.7,1.71177E+13,11547043505,12496098556,6574177722,41208549905,1.92274E+12,,8588045189,,8630327596,5826791107,9632433431,7548762659,2.70387E+11,1.04764E+13,8824870852,,6752937050,2.78194E+11,12946264977,4.62797E+11,1.36334E+11,26790987594,,78923926226,2.73149E+13,73635323247,,3.61423E+11,24397852515,1.28913E+11,2.4559E+11,,12209967621,3.87469E+11,1.00672E+12,89047181140,,1.81041E+11,33863719815,9173906012,6977925381,2.56052E+13,,,1.25764E+11,8.70676E+11,4568505466,2.7902E+12,6.59042E+11,56821176849,17866917189,1.50536E+11,680548594.7,3040357916,25434457203,1580105824,,39067173405,1.24722E+12,,1.24837E+12,,,3518906445,57813914071,33876855927,2.4176E+11,4740911501,,1147898498,,,6506393852,5.44332E+12,2.58177E+12,4772812541,4.31087E+11,5293977491,17774392796,4.1573E+12,,1.91374E+12,339853588.9,2.7902E+12,1.24837E+12,16917037905,54606447918,5.45463E+11,22533141.6,37924804904,19044009900,1.73394E+11,1.1551E+13,33937372672,9.63066E+12,58040488815,624234364.3,2.64951E+11,,,1.4993E+11,383889164.8,4.54835E+13,556542552.4,,51019885079,3.25842E+11,16591461735,28104121339
2000,3009056282,,50781818083,11927765515,,2.65845E+12,2.57668E+11,4.39374E+11,7144051050,,1256315460,5.04273E+11,2.3538E+11,29485605460,3644416845,2.84866E+11,9104867684,9933435560,1.71922E+11,52108029153,23768622917,7820317117,17060245929,60150354695,1344746747,2516281087,29280426643,1.58604E+12,3457530868,21757595387,1560697060,14015944949,2463881190,8.9802E+11,1.08428E+12,2.5687E+11,,1.46574E+11,3.70749E+12,39139246186,31647428288,21471546215,11499952311,2.65315E+11,1030834100,1327812064,30856487585,59555261603,,3115175224,2628915692,14776743585,1.66038E+11,2.23638E+12,,456144081.6,1.53045E+11,55874901056,2.53385E+11,5.98546E+12,1.01949E+13,1.17052E+13,2.40163E+12,1.36946E+13,74239574897,4.11039E+11,8.13531E+12,4533391674,8.75749E+11,13180565420,32734079688,9.47507E+12,8.26926E+11,1.38662E+11,4308167975,1.58947E+12,,267366984.3,17420884455,1.55519E+12,11957137805,34045213041,,9959321941,2573352188,1348750834,5275994205,2.10918E+11,780458951.8,,56281989867,,2743281082,2.99155E+13,1.80414E+11,17280600657,5.53252E+11,47371321611,11542974152,1.21049E+11,1.77221E+13,1.95409E+13,1.84652E+12,9.10234E+11,9.7731E+11,9.27784E+11,,2.27871E+12,,1.14832E+11,6.91246E+11,2.28342E+11,8354755650,1.56791E+11,1.54178E+12,16774106880,29791771459,3.4043E+12,1.17863E+11,53359036489,8086207709,13392834307,133606262,781635643.6,8.50046E+11,1.14664E+11,4.24075E+12,10538465590,32465824177,2987160906,93426004553,1330136250,4.58874E+12,7.74951E+11,4.69712E+11,,82827767703,5.93441E+12,1.89431E+13,2649848511,9.72131E+12,29597706378,24148724522,18977536444,14380462115,,1.04056E+11,,8137684053,21129589771,2179441435,3.44362E+12,1.09678E+12,125676953.6,1.85006E+13,12467407790,12767673703,7577717669,47920883563,2.05703E+12,3631289212,8880653327,,8928122578,5931408025,10655555592,7839147334,3.0092E+11,1.11529E+13,9337218559,,6806586152,2.98678E+11,13778548578,5.07629E+11,1.65904E+11,29088066644,,83024287439,2.92065E+13,79347652246,2.24576E+11,3.85243E+11,25620563107,1.35346E+11,2.62156E+11,188945252,12171489234,4.07566E+11,1.05929E+12,94016532875,,1.94266E+11,33819562141,8576503072,7053641010,2.73556E+13,,51052608717,1.31266E+11,1.00058E+12,5061607656,2.96843E+12,7.11677E+11,61777803127,18850665183,1.67813E+11,596494347.1,3315112699,26295847028,1651141921,,43039577883,1.31957E+12,,1.32077E+12,2.9123E+11,,3673119635,61313622359,35808058803,2.61315E+11,4932207116,,1191331142,,,6593327624,5.97417E+12,2.85656E+12,4841277597,4.60361E+11,5862862333,19165558629,4.40747E+12,2297379423,2.0487E+12,359159468.2,2.96843E+12,1.32077E+12,18488818865,58456542186,6.0608E+11,22813268.45,40525430146,20081454865,1.87729E+11,1.25584E+13,34026424563,1.02523E+13,61613580203,648650022.5,2.80861E+11,,,1.63686E+11,415713210.9,4.88354E+13,608350722.9,6269749691,55384934787,3.47117E+11,17623437549,27853403697
2001,2983689819,,54078410874,13162883698,,2.76437E+12,2.67004E+11,4.29215E+11,7998457026,,1220267834,5.30687E+11,2.38979E+11,33115452911,3800919950,2.96255E+11,9800548296,10822665275,1.84614E+11,55334810118,24895020461,8201690665,17842878263,64374339606,1443169075,2757196886,30426509156,1.64336E+12,3449788641,22844964797,1729607730,14359264870,2630343346,9.33967E+11,1.16082E+12,2.659E+11,,1.54737E+11,4.10479E+12,40046282350,33754298940,21481677905,12199084376,2.75684E+11,1078020562,1387218768,32633961885,62225508486,,3161354942,2702698475,16045381858,1.79347E+11,2.33712E+12,,465856509.2,1.57814E+11,58504870831,2.66711E+11,6.51355E+12,1.06083E+13,1.24236E+13,2.54204E+12,1.44051E+13,78914541215,4.34905E+11,8.54944E+12,5038452510,9.37875E+11,14333924548,36229036694,9.96028E+12,8.71608E+11,1.44265E+11,4490717719,1.68742E+12,,279154096.8,18183134124,1.64097E+12,12806606518,36183648181,,10550110403,2782324965,1408505139,8808984111,2.27709E+11,781435560.1,,58858108557,,2867358220,3.1092E+13,1.85405E+11,18140543797,5.90697E+11,49933823290,11672964581,1.34613E+11,1.87882E+13,2.07288E+13,1.97086E+12,9.64062E+11,1.03514E+12,9.98711E+11,,2.44102E+12,,1.25831E+11,7.11908E+11,2.38729E+11,9054903349,1.60447E+11,1.59786E+12,17372582679,32049274167,3.49311E+12,1.36708E+11,56590588475,8703325621,14705783151,134528921.3,842850985.6,9.08001E+11,1.17429E+11,4.35602E+12,11389024217,34451860876,3141828699,93792122153,1312985577,4.72244E+12,8.35765E+11,5.04518E+11,,83336429453,6.3352E+12,2.01061E+13,2804417571,1.04515E+13,32804910175,24678953581,21077527886,15120408363,,1.14122E+11,,8823464975,22892483473,2139411423,3.56788E+12,1.11631E+12,137200551.5,1.96321E+13,12316010280,15053972240,7711737803,54527373747,2.15036E+12,4113933298,9343415414,,10227010857,6183272439,11253800238,7612544189,3.09112E+11,1.15185E+13,9654423613,,7450053197,3.23292E+11,14497680347,5.32638E+11,1.7053E+11,31152912010,,87313103274,3.03313E+13,84722819890,2.40524E+11,4.01498E+11,26332890182,1.39169E+11,2.75659E+11,205459834.3,12423375327,4.24629E+11,1.13392E+12,1.02145E+11,,2.02416E+11,34273108259,7948579998,7315165807,2.84681E+13,,54206187462,1.44332E+11,1.07459E+12,5611506281,3.1635E+12,7.18482E+11,67236716113,20146614628,1.6966E+11,560942431.3,3172854164,27108385432,1781033038,,46054546590,1.40916E+12,,1.41035E+12,3.10107E+11,232359585.5,3911341618,66650364908,37761729907,2.64833E+11,5093555678,,1189811555,,,7523466317,6.50126E+12,3.0166E+12,4866981697,4.86662E+11,6565491793,20436723901,4.53061E+12,2563828470,2.14271E+12,380257273.1,3.1635E+12,1.41035E+12,19681973119,62006535289,5.9154E+11,23694630.77,43928509488,21585713715,2.09504E+11,1.32884E+13,33436058357,1.05818E+13,65586790009,674208003.3,2.96764E+11,,,1.77635E+11,410011287.5,5.11719E+13,664838580.3,8135564246,58752616493,3.64309E+11,18967562178,28874124436
2002,2931664258,18973027429,62440884509,14221891223,,2.82342E+12,2.77827E+11,3.88504E+11,9196357105,,1252264022,5.64354E+11,2.51985E+11,36814442589,4032723456,3.129E+11,10417953197,11472417139,1.94722E+11,60553048408,26135608990,8556750414,19310167689,68691820128,1541053930,2759419118,31676017447,1.72033E+12,3531949477,24104889135,1947753951,15471720121,2768581312,9.67559E+11,1.24145E+12,2.74768E+11,,1.62068E+11,4.55044E+12,40001327484,35741073332,22464712751,12959832379,2.87057E+11,1120532120,1483154808,34241375059,65717854602,,3224111275,2792121437,16716229785,1.85474E+11,2.4069E+12,,459838287.5,1.6472E+11,62101731740,2.86102E+11,7.12327E+12,1.09964E+13,1.33029E+13,2.72273E+12,1.51236E+13,83446872387,4.52344E+11,8.9248E+12,5271971230,1.00975E+12,16097518329,37359544976,1.0418E+13,8.80851E+11,1.48764E+11,4707726197,1.76293E+12,,285120814.7,18424749924,1.72582E+12,13721277874,38410007036,,11270478731,2734478864,1416688586,10689918299,2.46559E+11,821081356.1,,62100925388,,2945703205,3.2318E+13,1.91457E+11,19119314225,6.20002E+11,54412344244,11827785568,1.47568E+11,1.99428E+13,2.20211E+13,2.1115E+12,1.04641E+12,1.09882E+12,1.05464E+12,,2.57396E+12,,1.38452E+11,7.75711E+11,2.25772E+11,9351404737,1.65727E+11,1.63968E+12,17999845203,34439425969,3.58886E+12,1.5248E+11,57800083594,8839457414,15921181679,141832677.2,877328016.7,9.89824E+11,1.22882E+11,4.43212E+12,12253921202,36194800828,3311622652,94362140870,1339308321,4.81006E+12,8.90866E+11,5.29533E+11,,88010895174,6.72267E+12,2.1364E+13,2869397282,1.12944E+13,36132756326,26222378150,23223297600,16733818112,,1.19546E+11,,9662147687,20307351054,2331212181,3.69181E+12,1.1376E+12,144585247,2.08651E+13,12919253620,15767109870,8141793442,62050783540,2.25709E+12,4329951244,9940422844,,11353945107,6322846579,11616423097,7864416860,3.3093E+11,1.19067E+13,10276764128,,7794865801,3.78748E+11,14838031868,5.56285E+11,1.72361E+11,31683697369,,92024844754,3.15171E+13,85115755368,2.5631E+11,4.21E+11,27345698506,1.4908E+11,2.90229E+11,215923164.1,12599830620,4.50394E+11,1.21142E+12,1.04711E+11,,2.12109E+11,34807775618,7065891924,7603874818,2.96055E+13,,59018352252,1.55641E+11,1.1679E+12,6452250088,3.33263E+12,7.09271E+11,72690085220,20599293767,1.79091E+11,553860370.9,4074482195,27972500666,1815383738,,50982925664,1.52308E+12,,1.5243E+12,3.29676E+11,241645225.3,4084459682,71578545707,40372329698,2.74453E+11,5400755395,,1223290215,,,8291407864,7.10982E+12,3.22753E+12,4898374982,5.24758E+11,7392158408,20813374952,4.61384E+12,2425546448,2.2504E+12,399478206.6,3.33263E+12,1.5243E+12,21580105093,63820379260,6.07794E+11,25967580.39,47788575936,23841977530,2.23989E+11,1.41335E+13,31338766138,1.09364E+13,69271523010,728167594.1,2.74762E+11,,,1.9185E+11,395208638,5.36524E+13,704692131.7,8206321476,62030566296,3.83765E+11,20135784149,26722152399
2003,3045100030,21032245383,65502029873,15181419279,,3.0035E+12,3.07891E+11,4.30688E+11,10682363452,,1352789577,5.90772E+11,2.60768E+11,41326042612,4057348937,3.20608E+11,10976886725,12597222687,2.07739E+11,64870632795,28297146195,8605428686,20214692237,74895437858,1716091081,2906527654,33139065567,1.77227E+12,3675804957,25265534701,2138741356,16488041520,2667787609,1.01973E+12,1.31165E+12,2.76778E+11,,1.71831E+11,5.1001E+12,40190258307,38067498260,24158215792,13307863800,3.03844E+11,1165353828,1573789087,36361464139,71412933950,,3293450040,2900853251,17420972933,1.98029E+11,2.46571E+12,,498135805.8,1.65956E+11,62403793304,3.12397E+11,7.87349E+12,1.18017E+13,1.42805E+13,3.00306E+12,1.57275E+13,87310912327,4.75458E+11,9.10948E+12,5227278827,1.05547E+12,17987738094,37230877572,1.06674E+13,8.48321E+11,1.51278E+11,4843104655,1.75166E+12,,294981388.2,19188669585,1.80503E+12,15521672733,41157729969,,11623118957,2976608147,1451201431,12407949352,2.60855E+11,915479631.4,,64855030630,,2981438378,3.36086E+13,2.00973E+11,20359885475,6.60407E+11,58311800805,12091267420,1.56645E+11,2.15331E+13,2.37606E+13,2.26245E+12,1.11877E+12,1.17273E+12,1.13275E+12,,2.82784E+12,,1.44825E+11,8.5913E+11,1.53845E+11,9443989360,1.59359E+11,1.67152E+12,19006306513,36538653483,3.6942E+12,1.69756E+11,60599936759,9636595320,17596241774,147365114.9,862842306.7,1.02378E+12,1.4685E+11,4.60159E+12,13238740360,38056706177,2356290346,1.08625E+11,1422357546,4.99832E+12,9.58059E+11,5.64256E+11,,94970515774,7.27222E+12,2.30741E+13,3055952621,1.23513E+13,41213626476,27115548492,25192410018,19030773495,,1.29025E+11,,10491127448,22708431746,2701000633,3.94177E+12,1.18362E+12,144890639.7,2.25411E+13,13352712835,17524430970,8345352006,71952964416,2.3591E+12,4489587683,10834247028,,12365828682,6825283389,12533258799,8467514908,3.56587E+11,1.24809E+13,10911418707,,8360423945,4.14126E+11,15494561437,5.53474E+11,1.7598E+11,33545240081,,96521596826,3.26556E+13,84382534590,2.72689E+11,4.496E+11,29024913411,1.58173E+11,3.10312E+11,213695587.7,13111558521,4.68279E+11,1.21628E+12,1.06713E+11,,2.17836E+11,36986074426,8205849839,7886494481,3.07015E+13,,62350609283,1.62921E+11,1.33866E+12,6716816068,3.63957E+12,8.0366E+11,79766701733,22384106657,1.9069E+11,600815591.1,4536657625,28937087149,1920845636,,53844334376,1.62024E+12,,1.62141E+12,3.5204E+11,262312280.1,4422411603,76116014100,42087997995,2.82928E+11,5714505155,,1172653807,,,9688688984,7.8586E+12,3.52965E+12,5236534336,5.7293E+11,8352293081,21892887497,4.79686E+12,2441379573,2.35125E+12,415476650.6,3.63957E+12,1.62141E+12,25155123065,68062414745,6.34715E+11,25568108.57,51924106154,25856760161,2.4986E+11,1.52592E+13,32177809582,1.14582E+13,73544416724,798724799.8,2.5816E+11,,,2.08895E+11,419831161.7,5.6648E+13,750190093.5,8858584345,65550234060,4.0242E+11,21934119883,22592619404
2004,3374481585,21903906005,74632978885,16414419615,,3.36719E+12,3.46427E+11,4.8222E+11,12118272912,,1468900994,6.30539E+11,2.75747E+11,46365813602,4367979661,3.33829E+11,11771733647,13515718506,2.24509E+11,70399752807,31087560319,8915122573,23340339277,85717983364,1844204758,3054062185,35451463293,1.92481E+12,3828049961,26076585575,2326363145,17390082539,2903846564,1.0795E+12,1.4297E+12,2.89452E+11,,1.89179E+11,5.76697E+12,41780645868,41743191498,26480302860,14141261058,3.28665E+11,1219700724,1780959717,38959685914,76560085532,,3389167125,3005760992,18870120864,2.12091E+11,2.5832E+12,,527152405.8,1.77856E+11,65730876425,3.34602E+11,8.79257E+12,1.29319E+13,1.5617E+13,3.36898E+12,1.67483E+13,97023632414,5.08238E+11,9.51964E+12,5445937545,1.12111E+12,19785994305,43422453872,1.12109E+13,1.00546E+12,1.62979E+11,5237086330,1.82057E+12,,293592466.6,19841145591,1.91749E+12,16863165689,44632667230,,12215355266,3272245255,1531423221,17583794559,2.78669E+11,934039434.5,,68700385640,,3109570254,3.57138E+13,2.2434E+11,22211067729,7.16378E+11,62565003093,11979360352,1.64028E+11,2.38599E+13,2.63068E+13,2.48456E+12,1.23736E+12,1.26489E+12,1.23424E+12,,3.13405E+12,,1.57394E+11,9.20854E+11,2.43549E+11,10400191278,1.71753E+11,1.70332E+12,19776361221,40737003325,3.8773E+12,1.91061E+11,65407893610,10591413258,19938500369,148866744.9,922027764.4,1.10286E+12,1.66246E+11,5.01374E+12,14459493909,41540961026,2483119834,1.16526E+11,1566801867,5.45051E+12,1.05116E+12,6.15082E+11,,1.02838E+11,7.9927E+12,2.55603E+13,3191335864,1.37246E+13,44008354696,29341697512,27608196671,24771990123,,1.38854E+11,,11570815063,24545713147,2941076579,4.37274E+12,1.26314E+12,150203847.1,2.49775E+13,14564126410,18276966707,8587594280,83913031639,2.6139E+12,4805718460,12308102951,,13705721705,7411873390,13427983744,9166816575,3.91027E+11,1.32963E+13,12580001844,,8594089796,4.64615E+11,16756964956,5.82516E+11,1.95207E+11,36061428615,,1.02516E+11,3.46286E+13,87773962404,3.07853E+11,4.95725E+11,32048381207,1.70486E+11,3.40009E+11,230365620,13830943544,5.09393E+11,1.42029E+12,1.19173E+11,,2.24966E+11,39522899265,9298355300,8445465872,3.2526E+13,,76334941510,1.92682E+11,1.47334E+12,7411361431,4.02036E+12,8.90977E+11,85095170282,24336233100,2.15053E+11,647213320.5,4966178735,29980842103,2063043227,,60186572347,1.77496E+12,,1.77613E+12,3.92905E+11,279697317.3,4927497463,81725592607,45412493446,3.02261E+11,6081015795,,1169898284,,,13295493163,8.77594E+12,3.94094E+12,5491465960,6.25358E+11,9466637510,23606496594,5.22897E+12,4113693103,2.60499E+12,425162787.1,4.02036E+12,1.77613E+12,27886037655,74253294939,7.27743E+11,25901421.44,57323198282,28360395425,2.87656E+11,1.69744E+13,34697684452,1.22137E+13,81150200579,854319180.1,3.1359E+11,,,2.30686E+11,448313536.3,6.12327E+13,806017206.8,9334703389,69989205412,4.32076E+11,24108654103,21853461832
2005,3521849159,25122565906,88523668697,17663293361,,3.66824E+12,3.74562E+11,5.41255E+11,14228374758,,1611782319,6.64362E+11,2.88087E+11,61178516230,4544576066,3.47658E+11,12346174782,15143905206,2.46633E+11,78207906676,34225784434,9504952548,24398065392,96696527087,1950675395,3201918500,38172044837,2.04832E+12,4103424952,26993052436,2574726785,18748860966,3021494256,1.16758E+12,1.51453E+12,3.01741E+11,,2.06274E+11,6.62427E+12,43823638218,43913230976,28980361193,15712678818,3.54853E+11,1293381359,1963378423,41728313582,81931886381,,3518377050,3300848909,20504241182,2.24201E+11,2.62204E+12,,547140004.6,1.85074E+11,74168659265,3.65381E+11,9.92225E+12,1.41548E+13,1.71199E+13,3.79249E+12,1.77114E+13,1.0534E+11,5.47505E+11,9.90668E+12,5760145513,1.20513E+12,22523015211,50066895250,1.16747E+13,1.108E+12,1.68147E+11,5438020101,1.92688E+12,,308919127.3,21006715250,1.9732E+12,19055921221,48738304878,,12973388691,3294822372,1646493256,21168313558,2.81028E+11,1090971645,,73149838293,,3143875455,3.77154E+13,2.48419E+11,24288694167,7.84017E+11,65961866967,12575474733,1.72222E+11,2.64148E+13,2.91091E+13,2.73522E+12,1.36101E+12,1.37854E+12,1.36007E+12,,3.48773E+12,,1.68218E+11,9.79827E+11,2.62186E+11,11048355267,1.72084E+11,1.74666E+12,20574650173,45427986029,4.04573E+12,2.16123E+11,71429081139,10902157474,23283734472,161104803.8,1042925685,1.16589E+12,1.89611E+11,5.40219E+12,15969630059,44012210900,2695691308,1.34419E+11,1608977943,5.86944E+12,1.17123E+12,6.75693E+11,,1.1266E+11,8.79398E+12,2.83237E+13,3404805359,1.53053E+13,48263315521,31733108754,30977911507,27602312816,,1.47892E+11,,12826082243,26475305655,2634526005,4.7222E+12,1.34178E+12,158421351.3,2.76824E+13,15987103630,20077843591,8978232494,98267662507,2.81715E+12,5106755189,13612091722,,15070753604,8328259408,14092380885,9761329281,4.24707E+11,1.42074E+13,13299954110,,9260571322,5.09934E+11,18018887562,6.14044E+11,2.20982E+11,38478445101,,1.06148E+11,3.6517E+13,92762136539,3.36545E+11,5.5036E+11,35423148162,1.86845E+11,3.67351E+11,247181158.5,15166649628,5.30344E+11,1.56052E+12,1.20444E+11,,2.38691E+11,41623497890,10623378338,8875111494,3.42871E+13,,84610485767,2.04714E+11,1.69673E+12,8358902133,4.4662E+12,9.69939E+11,94317769103,26505246153,2.38071E+11,703553257,5351572537,31751734345,2177955973,,68318853553,1.94461E+12,,1.94592E+12,4.27397E+11,308868851.5,5309630581,89400253225,47716592721,3.07269E+11,6646585358,,1314980038,,,16085868106,9.90346E+12,4.3888E+12,5729362761,6.71842E+11,10410101725,27514547356,5.63906E+12,5763806037,2.80691E+12,445342689.6,4.4662E+12,1.94592E+12,30540031350,79235751723,8.07227E+11,25698736.59,63527944173,31095688410,3.05507E+11,1.8877E+13,38447620484,1.30366E+13,89493608346,902848329.3,3.56722E+11,,,2.55824E+11,486792177,6.59893E+13,865669788.9,10206200979,76204855861,4.69046E+11,26658367542,21247238430
2006,3666548023,27269473534,1.01734E+11,19630459706,,4.01202E+12,4.23859E+11,6.02508E+11,16593643827,,1871922419,7.10076E+11,3.11092E+11,84753921779,4935584332,3.71527E+11,13221847367,16577820504,2.7105E+11,85994548638,37541889691,10039056626,27888038434,1.09585E+11,2101783560,3481696993,41213738857,2.19392E+12,4467239490,29032919656,2838554710,20931825267,3261451446,1.23767E+12,1.67947E+12,3.37573E+11,,2.57648E+11,7.6928E+12,45834231465,46806458405,31446070587,17197670847,3.90377E+11,1367792982,2184289119,46102678508,90641225395,,3684150509,3557173362,22517208713,2.43445E+11,2.81109E+12,,589958895.4,2.02787E+11,83423569069,3.82838E+11,1.12898E+13,1.55749E+13,1.89346E+13,4.54317E+12,1.96618E+13,1.13306E+11,6.02677E+11,1.07551E+13,5876941520,1.36248E+12,26011297407,57170793258,1.27094E+13,1.22501E+12,1.81262E+11,5706372715,2.06355E+12,,318009761,21035009928,2.11546E+12,21481937640,53426828238,,13523727437,3375671075,1735493602,23489268597,3.14296E+11,1079109487,,79417890309,,3405164405,4.04504E+13,2.73935E+11,26667088382,8.58285E+11,75149126180,13247444236,1.84736E+11,2.98024E+13,3.27611E+13,3.00044E+12,1.48808E+12,1.49838E+12,1.49738E+12,,3.88292E+12,,1.88914E+11,1.05995E+12,2.9756E+11,11876038914,1.8113E+11,1.88502E+12,21811816946,50590629901,4.23071E+12,2.46488E+11,78353823320,11580599105,26572152954,165898344.4,1105837064,1.25072E+12,2.1003E+11,5.90573E+12,17871023320,46115610582,3000669314,1.47489E+11,1760365743,6.44139E+12,1.29954E+12,7.35257E+11,,1.2497E+11,9.69916E+12,3.18696E+13,3656226770,1.75325E+13,53903115808,36842699176,34928259735,32223845956,,1.63909E+11,,13848508556,28646494115,3422983928,5.14018E+12,1.48521E+12,164306045.4,3.11671E+13,17711677564,21649834107,9412863721,1.1448E+11,3.0639E+12,6425720155,15223949682,,17033254634,10199312956,15225266057,10529393254,4.61996E+11,1.50558E+13,14671635386,,10094182441,5.57199E+11,19335020560,6.6972E+11,2.52163E+11,40976711853,,1.16157E+11,3.92092E+13,1.00703E+11,3.87967E+11,6.02042E+11,39652853270,2.06992E+11,3.9831E+11,250854266.2,16470960958,5.77542E+11,1.7241E+12,1.22339E+11,,2.59449E+11,44944551479,10517948382,9352436532,3.66878E+13,,1.09984E+11,2.44675E+11,2.13319E+12,9535889734,4.95549E+12,1.02716E+12,1.06952E+11,27979538729,2.67363E+11,775196609.2,5746408521,34133281096,2330379160,,75587707688,2.12775E+12,,2.12924E+12,4.88002E+11,347223287.7,5787235713,1.01521E+11,51563926451,3.39932E+11,7258051712,,1482205802,,,16680093650,1.12684E+13,5.19586E+12,6141948582,7.2656E+11,11481089282,31457818853,6.19927E+12,8413124331,3.05385E+12,455093036,4.95549E+12,2.12924E+12,35620049824,85914612403,9.36569E+11,27042747.53,69725796748,35491784601,3.38169E+11,2.1456E+13,41234616725,1.38146E+13,99072215118,1001685223,4.03799E+11,,,2.81958E+11,543978271,7.226E+13,909425871.2,10988558067,81000089918,5.1032E+11,29635862223,21132494319
2007,3832820982,31873654690,1.19103E+11,21610743514,,4.30763E+12,4.49105E+11,6.74423E+11,19382176256,,2100192749,7.61466E+11,3.2678E+11,1.09191E+11,5243118639,3.90555E+11,14389813650,17985806826,2.97978E+11,96586488490,41747721940,10457854116,30811911213,1.22206E+11,2182104566,3676972061,44252540610,2.3896E+12,4672495917,29858910045,3444729112,23273129383,3503372377,1.29714E+12,1.86723E+12,3.75641E+11,,2.80052E+11,9.02365E+12,47896189536,50419995349,34312035163,17380233272,4.28317E+11,1415772597,2583238471,51207898943,96298726743,,3876558631,3768251085,25199885122,2.69056E+11,2.98235E+12,,644298345.4,2.12824E+11,92017401083,4.06488E+11,1.29574E+13,1.69998E+13,2.10857E+13,5.07963E+12,2.11452E+13,1.18898E+11,6.62731E+11,1.14381E+13,6120918594,1.46707E+12,29723213797,65432081768,1.35886E+13,1.32692E+12,1.99923E+11,5809816333,2.18221E+12,,320556316.4,22897824429,2.18308E+12,24833793880,57246774710,,14835144693,3571840723,1840263379,27806340832,3.23631E+11,1175951177,,86692312537,,3742087936,4.27582E+13,2.99479E+11,29078017643,9.40421E+11,83424173265,14058104009,1.9152E+11,3.3302E+13,3.65399E+13,3.28107E+12,1.61635E+12,1.63626E+12,1.64953E+12,,4.29269E+12,,2.05693E+11,1.17719E+12,3.09763E+11,12824130249,1.97365E+11,1.99323E+12,22718468562,56196891555,4.41623E+12,2.75636E+11,85970628524,12907578173,30072553412,173821467.6,1134962014,1.35449E+12,2.28594E+11,6.40571E+12,19745189644,51777746034,3375083917,1.61072E+11,1845033099,6.98038E+12,1.44352E+12,8.03596E+11,,1.37049E+11,1.06618E+13,3.55584E+13,3935894096,1.98506E+13,61702970254,40310645348,39885636136,37870111374,,1.74256E+11,,14647133692,31251748564,3786072228,5.55433E+12,1.56005E+12,173391814.4,3.47874E+13,19090677171,23008089268,10124662345,1.31652E+11,3.33855E+12,7665970111,17234970334,,18843132144,10768415285,16529635707,11850217363,5.04289E+11,1.57527E+13,15875396839,,10691493061,6.0988E+11,20862186906,7.19103E+11,2.63131E+11,43512958532,37560838.83,1.2412E+11,4.13982E+13,1.08013E+11,4.40435E+11,6.48092E+11,45597683391,2.30659E+11,4.36073E+11,261052322.3,18235232457,6.39967E+11,1.88201E+12,1.24165E+11,,2.71041E+11,48654068752,11512306158,9688261486,3.87025E+13,,1.33251E+11,2.85822E+11,2.37745E+12,10539503891,5.45842E+12,1.07423E+12,1.22479E+11,30150030580,2.99315E+11,854289266.3,6376265938,35702332852,2563604590,,82860899654,2.33087E+12,,2.33255E+12,5.4645E+11,368151423.7,6246457235,1.13952E+11,55586126550,3.71347E+11,7783592808,,1680638532,,,17688515407,1.29328E+13,5.80302E+12,6451395966,7.86627E+11,12704385240,35875334013,6.72735E+12,9094009299,3.32755E+12,447850679.9,5.45842E+12,2.33255E+12,38315846397,94141914565,1.03324E+12,29532691.64,76445017835,39511117780,3.73622E+11,2.41129E+13,45112119243,1.44519E+13,1.11371E+11,1062974630,4.50943E+11,,,3.10174E+11,587489826,7.82448E+13,992899929.4,12105884140,85952748321,5.52119E+11,32973774527,20907393833
2008,3903830108,33769009351,1.34978E+11,24251602592,,4.64947E+12,4.72454E+11,7.15436E+11,21122568893,,2140399099,7.9598E+11,3.43813E+11,1.23105E+11,5604967830,4.05729E+11,15387048653,19673148440,3.22042E+11,1.07361E+11,45216281392,10413508690,33896807462,1.37291E+11,2296376864,3805767023,47887101477,2.56018E+12,4806838227,29849261766,3675310551,25207603788,3644881234,1.33906E+12,2.06331E+12,4.02151E+11,,2.75716E+11,1.00873E+13,50069447928,53193999851,37157232992,18705606803,4.5087E+11,1501043284,2808626380,54631234447,99758827204,,4038433513,3827818793,27398683535,2.89157E+11,3.10396E+12,,703602022.9,2.26767E+11,96818008799,4.2434E+11,1.4295E+13,1.80721E+13,2.26006E+13,5.85191E+12,2.26895E+13,1.28917E+11,7.23972E+11,1.19368E+13,5629519552,1.52858E+12,30525885461,73901286146,1.42871E+13,1.43146E+12,2.12981E+11,5983995509,2.25926E+12,,318920700.6,22570923127,2.26586E+12,25929150039,63700150022,,15748772084,3869115129,1936159737,33392761781,3.41818E+11,1210184354,,91278364404,,3890283120,4.41853E+13,3.11801E+11,30898022996,1.0175E+12,89540362461,14452503014,2.07758E+11,3.63183E+13,3.97934E+13,3.51908E+12,1.71456E+12,1.7684E+12,1.7903E+12,,4.51126E+12,,1.98814E+11,1.2031E+12,3.41771E+11,13749851619,2.00503E+11,2.08972E+12,22972371460,61433441562,4.45643E+12,2.90271E+11,87846449780,14264186609,32708974841,173496445.5,1232105507,1.40571E+12,2.38819E+11,6.83547E+12,21704354587,57666882744,3686597878,1.68585E+11,1974536082,7.41846E+12,1.57477E+12,8.68609E+11,,1.48028E+11,1.1357E+13,3.87541E+13,4282873000,2.19999E+13,66344511733,42362971851,42384065970,39916996626,,1.88168E+11,,16096738861,33998256557,4225823254,5.91119E+12,1.6539E+12,164827438.9,3.79193E+13,21537380835,24575253760,10722939001,1.47976E+11,3.52819E+12,8524424967,19134026839,,20609873125,11096432604,17758924521,13003654889,5.38938E+11,1.60557E+13,16613044938,,11944463429,6.638E+11,21998661039,7.63408E+11,2.94278E+11,47067320713,51471090.95,1.272E+11,4.27813E+13,1.19143E+11,4.8836E+11,6.71939E+11,51065981956,2.56606E+11,4.63016E+11,251267338.5,18534820469,6.981E+11,2.04822E+12,1.24246E+11,,2.81543E+11,52754607305,12449715872,10039963500,3.99061E+13,,1.59838E+11,3.44671E+11,2.8782E+12,11943733569,5.74201E+12,1.16357E+12,1.34603E+11,31983275852,3.10837E+11,932795274.6,6851197051,37332495939,2656596646,,92849053159,2.50781E+12,27667638184,2.50949E+12,5.98167E+11,406036176.2,6631809489,1.27627E+11,59839627542,3.86963E+11,8000192923,,1676545827,,,18583059389,1.42678E+13,6.63955E+12,6844053778,8.15767E+11,13976034682,41949410534,7.15854E+12,10190871383,3.51627E+12,470713194.5,5.74201E+12,2.50949E+12,40385991261,1.0004E+11,1.13049E+12,32510673.05,82363511064,43787516826,3.89665E+11,2.65495E+13,49289890296,1.47128E+13,1.23789E+11,1100821029,4.83977E+11,,,3.3411E+11,637538585.7,8.28561E+13,1022427249,12667494675,90820812226,5.80819E+11,36228365236,17548098576
2009,3519787116,41304884284,1.37175E+11,25805526262,,4.72832E+12,4.51096E+11,6.78224E+11,18271970266,,1895591209,8.74182E+11,3.41463E+11,1.35666E+11,5863029707,4.07646E+11,15865494871,20410290546,3.40868E+11,1.0531E+11,46718471488,10054790337,33737254855,1.38614E+11,2329404856,3632143704,49871994703,2.57645E+12,4608125901,29546101473,3949661802,23456104459,3988049550,1.30471E+12,2.06166E+12,4.00891E+11,,2.72874E+11,1.11196E+13,52091548227,54777997801,38509451426,20255970883,4.59784E+11,1560887766,2794084406,54513450980,96966941729,,4047600358,3579277549,27385659229,2.88245E+11,3.01592E+12,,700672753.1,2.228E+11,98479132969,4.34416E+11,1.54712E+13,1.86537E+13,2.36363E+13,5.68536E+12,2.21531E+13,1.30635E+11,7.63584E+11,1.16689E+13,5892328271,1.4882E+12,27488251189,81019465010,1.40251E+13,1.51136E+12,2.02771E+11,5946041767,2.24437E+12,,324864787.9,22772633753,2.17989E+12,25173057657,67295239298,,15690682686,4158482010,2016646059,34099335039,3.37269E+11,1138767167,,92458048960,,4059183190,4.33562E+13,3.06452E+11,30376521403,1.07037E+12,86097957346,15011685240,2.07249E+11,3.78004E+13,4.1479E+13,3.72711E+12,1.81741E+12,1.86436E+12,1.89451E+12,,4.90303E+12,,1.8877E+11,1.22449E+12,3.56014E+11,13346817177,2.05864E+11,2.04529E+12,22143675171,65291880395,4.25098E+12,2.95993E+11,91443322892,14787774740,32986905578,176222458.5,1199678864,1.39665E+12,2.23612E+11,6.80444E+12,23510442231,63948811734,3911601934,1.68528E+11,1960659611,7.38359E+12,1.66617E+12,9.21489E+11,,1.54435E+11,1.20338E+13,4.04161E+13,4408493164,2.30044E+13,57393808544,40956687933,36245672871,40752753970,,1.97649E+11,,15246285160,32894438456,3950231941,6.01129E+12,1.63728E+12,168481932.2,3.9533E+13,22582362016,25921261677,10781945916,1.64835E+11,3.64759E+12,8053138393,19035310546,,22078177805,11064510836,18487519822,14194002905,5.34827E+11,1.57573E+13,16789239108,,11949747596,7.22617E+11,21436470319,7.36694E+11,2.67393E+11,49576002616,56354701.8,1.32088E+11,4.19465E+13,1.27389E+11,5.06162E+11,6.96234E+11,52094868683,2.61396E+11,4.71904E+11,237336886.2,19946175555,7.34283E+11,2.16855E+12,1.22749E+11,,2.79681E+11,53019652734,13631308924,9965511632,3.90351E+13,,1.80313E+11,3.38818E+11,2.7686E+12,12786748795,6.19335E+12,1.1483E+12,1.40026E+11,32901461154,3.13586E+11,895370415.1,7123511944,36832362181,2333551990,,91777326623,2.61577E+12,29284099698,2.61744E+12,6.13082E+11,419058276.5,6883753493,1.24347E+11,56179401155,3.73395E+11,8187343842,1089852948,1670655759,,,19514479332,1.54418E+13,6.50574E+12,7278136467,8.16308E+11,14630790669,44847633831,7.12686E+12,9648172970,3.63446E+12,485166090.9,6.19335E+12,2.61744E+12,38906709100,1.03871E+11,1.10476E+12,31306381.73,87364313981,47122250934,3.34688E+11,2.74852E+13,51773210818,1.44489E+13,1.34774E+11,1085930075,4.7205E+11,,,3.5483E+11,663680352,8.36809E+13,980685858.3,13223206741,95051294433,5.76246E+11,39870399068,19807160245
2010,3429584867,47787706704,1.45516E+11,28046641296,,5.01381E+12,4.63667E+11,7.556E+11,18891551957,,1772427693,8.66385E+11,3.51314E+11,1.43819E+11,6235280686,4.34046E+11,16389062381,21757622183,3.64054E+11,1.10447E+11,49312543171,10328477564,34637208991,1.51165E+11,2436281402,3597519762,52535187415,2.80269E+12,4560642301,30667228516,4467468530,25761527575,4221351630,1.36062E+12,2.16567E+12,4.1525E+11,,3.09886E+11,1.24457E+13,53761811464,57312925777,41727321542,22285382189,4.85364E+11,1639079857,2868103402,57879556279,99528602041,,4098135279,3522652352,27720950116,2.898E+11,3.18517E+12,,713604580.4,2.38548E+11,1.07935E+11,4.553E+11,1.71535E+13,2.01305E+13,2.58325E+13,6.10016E+12,2.31671E+13,1.36816E+11,8.12243E+11,1.20237E+13,6091784108,1.47556E+12,29021641433,92250410884,1.45029E+13,1.63168E+12,2.08921E+11,6193061290,2.33449E+12,,336075714.3,24671359664,2.28098E+12,27057905585,73457473695,,16637568510,4455498813,2134215532,31418133531,3.13048E+11,1146146724,,96219404214,,4276432279,4.52608E+13,3.31004E+11,31877081471,1.14818E+12,84884015854,14712423151,2.15699E+11,4.12014E+13,4.5145E+13,3.99353E+12,1.93863E+12,2.00348E+12,2.03941E+12,,5.38166E+12,,1.97432E+11,1.31058E+12,3.83223E+11,12587099510,2.20032E+11,2.08394E+12,22073282196,67579431355,4.48078E+12,3.21302E+11,1.00285E+11,14889542544,35361241662,176628828.1,1178017232,1.50472E+12,2.20855E+11,7.3044E+12,25812470914,69893591748,4198563170,1.79053E+11,1989532461,7.93253E+12,1.79484E+12,9.98126E+11,,1.68758E+11,1.30071E+13,4.39855E+13,4746616283,2.51699E+13,62066465032,43402064573,36890425463,51643169184,,2.07582E+11,,16519042517,33483810079,4286595636,6.39052E+12,1.74113E+12,183322966.6,4.30283E+13,23345237910,27642895641,11527097116,1.82822E+11,3.88426E+12,8445898900,20482866404,,23784600916,11727781034,19521611695,15346473086,5.81232E+11,1.63563E+13,18010634844,,13100141933,7.89561E+11,22642727321,7.48363E+11,2.83161E+11,52569296797,64736887.98,1.35973E+11,4.37888E+13,1.35066E+11,5.5616E+11,7.15663E+11,55773286771,2.86476E+11,5.13839E+11,240796314.1,22222378559,8.00737E+11,2.33319E+12,1.23666E+11,,2.8822E+11,59614681860,14907024208,10380546517,4.06013E+13,,2.18153E+11,3.43518E+11,2.927E+12,13884538855,6.73924E+12,1.22022E+12,1.46572E+11,34470699912,3.63321E+11,967480307,7591812782,38045640052,2250839447,,93310870855,2.8011E+12,31252775721,2.80289E+12,6.66034E+11,452226660.3,7323921720,1.35609E+11,57001101025,3.95563E+11,8596974011,1137834078,1790769280,,,22416915464,1.71208E+13,6.98578E+12,7812030088,8.87869E+11,15766419995,49544281468,7.66674E+12,9646197984,3.86988E+12,508418596.7,6.73924E+12,2.80289E+12,40668093304,1.0877E+11,1.26036E+12,30806737.5,93982693991,50358862771,3.51571E+11,3.00063E+13,56463651175,1.49921E+13,1.46703E+11,1061742586,4.70441E+11,,,3.82022E+11,682351771,8.91435E+13,996867102.9,13819895670,1.03565E+11,6.00681E+11,44488769320,23980497316
2011,3621879746,48993947132,1.53714E+11,29655511080,,5.27264E+12,5.06158E+11,8.17698E+11,20192628680,,1774011846,9.37507E+11,3.73031E+11,1.44514E+11,6622226209,4.51933E+11,17227124155,23684085089,3.95684E+11,1.15193E+11,51341188465,10608854836,36525637927,1.62623E+11,2540960749,3550019929,56423688732,2.97495E+12,4618909123,32480415591,4920467591,27890347804,4490299877,1.42747E+12,2.3079E+12,4.44549E+11,,3.50575E+11,1.39191E+13,52476906029,60926183399,45527503793,23529134689,5.31984E+11,1741922162,3044224922,61633610782,1.02694E+11,,4209371340,3638279419,28345855875,3.0226E+11,3.41502E+12,2342710799,726881582.9,2.47352E+11,1.13643E+11,4.7829E+11,1.89573E+13,2.16144E+13,2.79837E+13,6.96656E+12,2.4824E+13,1.50664E+11,8.43842E+11,1.25567E+13,6758835465,1.4896E+12,32895237686,1.04705E+11,1.51896E+13,1.58069E+12,2.20471E+11,6493459112,2.44648E+12,,354035818.7,26972900730,2.3508E+12,29667230018,85526138706,,17938333959,4178750958,2354948198,34166939303,2.90297E+11,1179039533,,1.02318E+11,,4592610458,4.73454E+13,3.54188E+11,33791210423,1.22729E+12,88795109767,15849403538,2.28296E+11,4.50299E+13,4.92378E+13,4.25693E+12,2.07293E+12,2.17152E+12,2.16724E+12,,5.78204E+12,,2.05441E+11,1.37335E+12,4.20752E+11,13005319158,2.37167E+11,2.17317E+12,22924301243,70775751689,4.57319E+12,3.52286E+11,1.08633E+11,16105958461,38652011936,183193721.9,1224614096,1.55945E+12,2.47177E+11,7.86431E+12,28469987708,72008412770,4637773844,69322560014,2115166407,8.54909E+12,1.90288E+12,1.0509E+12,,1.86763E+11,1.39361E+13,4.79703E+13,5167044576,2.78771E+13,69113449621,47690524462,40760562653,64148218365,,2.23035E+11,,17845291369,34722812391,4751030618,6.72856E+12,1.91132E+12,185737266.3,4.69563E+13,24064167064,29134739169,11899362308,1.97077E+11,3.94303E+12,8974067443,24526362242,,26079156559,12535969842,20742028226,16427533196,6.24786E+11,1.69736E+13,19322996885,,13679116082,8.48839E+11,24575864515,7.77881E+11,3.07472E+11,55503825717,73811384.02,1.43508E+11,4.58265E+13,1.36358E+11,6.13521E+11,7.50693E+11,63380187782,3.10965E+11,5.43771E+11,257787282.6,22937846458,8.6977E+11,2.49376E+12,1.25797E+11,,2.82621E+11,63445983129,17107576520,10998645022,4.22562E+13,,2.52498E+11,3.60795E+11,3.47538E+12,15302636873,7.22935E+12,1.37024E+12,1.46689E+11,35703977717,3.94138E+11,1118021984,8239839598,40322935953,2080937193,,99446628579,2.99215E+12,30425094488,2.99412E+12,7.27214E+11,481978560.4,7914263444,1.40627E+11,59391588538,4.20525E+11,8973785938,1215036079,1972370137,,662387625.6,22904148163,1.89212E+13,7.92512E+12,8485486067,9.14029E+11,17286955073,58014358232,8.27195E+12,10976037920,3.92635E+12,533494964.6,7.22935E+12,2.99412E+12,41395401723,1.08913E+11,1.4433E+12,33814047.79,1.03307E+11,56239143509,3.78532E+11,3.3004E+13,60618737179,1.55426E+13,1.61427E+11,1079375927,5.00326E+11,,,4.14339E+11,705126498.6,9.52009E+13,1060162941,14726113711,92285415712,6.33368E+11,47945443548,27956299245
2012,3640775603,56301250158,1.70044E+11,30530303813,,5.72895E+12,5.38999E+11,8.24826E+11,22061645091,,1869017307,9.73601E+11,3.91635E+11,1.5053E+11,7049349097,4.69721E+11,18403168244,25695882514,4.29572E+11,1.18415E+11,54276651871,11146079805,37145690831,1.68538E+11,2665772854,3443185262,60451415414,3.09026E+12,4704350307,33405522010,5271474988,29691918902,4807698241,1.46457E+12,2.38744E+12,4.62615E+11,,3.74242E+11,1.53011E+13,59209529183,64915780367,49689019931,24891635828,5.63349E+11,1832144991,3136176249,65828866819,1.05947E+11,,4284141044,3753656081,27503256720,3.05309E+11,3.48723E+12,,732978353.2,2.50525E+11,1.18969E+11,5.04037E+11,2.07584E+13,2.29789E+13,3.01353E+13,7.37827E+12,2.55729E+13,1.62217E+11,8.79172E+11,1.27075E+13,,1.48365E+12,34642139626,1.15941E+11,1.54197E+13,1.8139E+12,2.21286E+11,6711394552,2.474E+12,,354089831.3,28933731798,2.44048E+12,32171319666,95266590976,,19363818635,4482125922,2359006229,37716935268,2.79267E+11,1187770926,,1.07377E+11,,4927662768,4.89692E+13,3.67118E+11,35861164937,1.3232E+12,90200826975,16620565457,2.29638E+11,4.82878E+13,5.27828E+13,4.54673E+12,2.20652E+12,2.34662E+12,2.32302E+12,,6.21447E+12,,2.12759E+11,1.29549E+12,4.88583E+11,13446448680,2.50715E+11,2.17238E+12,23220585080,74045496016,4.7467E+12,3.76277E+11,1.15769E+11,16382016733,42274267237,195507202.4,1220292516,1.61127E+12,2.68611E+11,8.22751E+12,31344851733,75385729004,5104564577,1.57653E+11,2149530697,8.95223E+12,2.03951E+12,1.11281E+12,,2.07751E+11,1.49328E+13,5.14562E+13,5576838678,3.00715E+13,73635365892,48646428611,43312929342,71417700346,,2.34154E+11,,18080278997,36454350986,4964043673,7.11155E+12,2.01277E+12,184812388.4,5.03799E+13,24558656811,29445208708,12364435233,2.15584E+11,4.11992E+12,8603938446,28076294276,,28508558866,13516792653,21878902447,17058320129,6.71622E+11,1.7665E+13,20690409327,,15593498779,9.01714E+11,26674445290,7.92042E+11,3.27988E+11,59272944720,82814782.51,1.45406E+11,4.73514E+13,1.51943E+11,6.48546E+11,7.91922E+11,70912477895,3.36387E+11,5.91241E+11,267568959.8,24466489957,9.07167E+11,2.69255E+12,1.28247E+11,,2.77992E+11,64314563840,18531372869,11336843998,4.35597E+13,,2.69403E+11,3.79729E+11,3.69239E+12,16943865945,7.76952E+12,1.47209E+12,1.50282E+11,38250880671,4.1957E+11,1191371039,9672812098,42253335181,1960753778,,1.00311E+11,3.17662E+12,16719180004,3.17866E+12,7.65821E+11,506656263.7,8283051968,1.45645E+11,59745699110,4.3127E+11,9638972793,1255558314,2035542364,,658011412.2,25416911748,2.07188E+13,8.37564E+12,9214122080,9.9903E+11,18937444009,65690081451,8.66598E+12,11748455706,4.1018E+12,548567513.1,7.76952E+12,3.17866E+12,42725092138,1.1544E+11,1.53911E+12,33140653.31,1.10026E+11,59517267630,3.86712E+11,3.54298E+13,63967246300,1.6197E+13,1.76657E+11,1115284413,5.38609E+11,,,4.44444E+11,731260266.3,1.00299E+14,1036316809,15430222084,96306045015,6.59802E+11,52577537616,33240849287
2013,3860198723,60497916496,1.81601E+11,30604048365,,6.00876E+12,5.76174E+11,8.59489E+11,23189619052,,1890389416,1.06163E+12,4.0637E+11,1.62121E+11,7526274677,4.87344E+11,20072483846,27661401714,4.63397E+11,1.2039E+11,58220833658,11006866756,39027401491,1.73217E+11,2735664116,3415629198,65692669036,3.23898E+12,4721355516,33269086248,5477981871,33640174364,3111748557,1.55027E+12,2.48604E+12,4.86239E+11,,3.94292E+11,1.67791E+13,65604358998,69624785205,54849584189,26199940823,5.99414E+11,1948188639,3216832485,68503995733,1.0907E+11,,4324706422,3868394009,26181584323,3.20535E+11,3.62856E+12,,738384723.4,2.62368E+11,1.26959E+11,5.27243E+11,2.26218E+13,2.44312E+13,3.24548E+13,7.7167E+12,2.65997E+13,1.73229E+11,9.14152E+11,1.31487E+13,,1.51207E+12,36432844586,1.3046E+11,1.59659E+13,1.92355E+12,2.2568E+11,7152481953,2.60852E+12,,347045398.4,31101611666,2.56327E+12,33914391594,1.04027E+11,,20481080886,4691804219,2478559683,36792562242,2.86169E+11,1237034912,,1.13301E+11,,5265734807,5.09883E+13,3.85147E+11,37509152230,1.42573E+12,92643285257,17630613548,2.42362E+11,5.15576E+13,5.64014E+13,4.90127E+12,2.37252E+12,2.5205E+12,2.51078E+12,,6.72735E+12,,2.21468E+11,1.31567E+12,5.34941E+11,14296625815,2.75197E+11,2.18738E+12,23746595955,77476264391,4.96705E+12,4.05853E+11,1.24726E+11,18486483623,46180698759,207322984,1308557320,1.64478E+12,2.76465E+11,8.59368E+12,34454910108,78717808903,5646245256,1.38602E+11,2144066562,9.35338E+12,2.19859E+12,1.20155E+12,,2.18576E+11,1.60525E+13,5.50222E+13,5797038377,3.21998E+13,78911243565,51940075107,45672703403,80810240872,,2.4907E+11,,20061424393,37947397857,5418937041,7.42511E+12,2.06449E+12,195046900.9,5.38622E+13,26269714221,30652146179,13239168682,2.37852E+11,4.26626E+12,9237489066,31896989568,,31028923104,14591655212,23010981216,18260278597,7.15486E+11,1.83385E+13,22235604072,,16703098921,9.7875E+11,28479816845,8.27476E+11,3.40138E+11,62803390526,113100432,1.6089E+11,4.93161E+13,1.6137E+11,6.80996E+11,8.41247E+11,77138121838,3.62323E+11,6.44115E+11,268414234.5,25848109366,9.40325E+11,2.90503E+12,1.30097E+11,,2.92135E+11,70951911069,19274712953,11917148383,4.53002E+13,,2.8622E+11,3.95625E+11,3.76566E+12,18054972638,8.38477E+12,1.53836E+12,1.5964E+11,40020575633,4.4749E+11,1248863341,11881524097,43954551990,1934656845,,1.04805E+11,3.40314E+12,19246294530,3.40534E+12,8.01966E+11,540370213.8,8675655080,1.51397E+11,61744411398,4.42947E+11,10186945238,1294286959,2195914701,,678700586.2,27337146044,2.25786E+13,8.74967E+12,9948904576,1.04388E+12,20695759589,73660861581,9.05921E+12,10629314370,4.24741E+12,540775375.6,8.38477E+12,3.40534E+12,44443969139,1.20843E+11,1.69086E+12,35265651.5,1.1955E+11,62734038311,3.93394E+11,3.77908E+13,68108383014,1.67848E+13,1.93391E+11,1155656277,5.55423E+11,,,4.76764E+11,758745551.3,1.05873E+14,1050086561,16241354871,1.02723E+11,6.88067E+11,56207007057,34497128161
2014,3966592233,63321947173,1.9396E+11,32529074567,,6.26597E+12,6.12227E+11,8.53745E+11,24478961727,,1999265070,1.10055E+12,4.1706E+11,1.69809E+11,7993864922,5.03619E+11,21751324915,29404232590,5.00782E+11,1.26667E+11,61903003409,11297708532,39811454001,1.79541E+11,2890341804,,70590561009,3.31689E+12,4802533021,33101972265,5830322469,35698845804,3173189895,1.61756E+12,2.5857E+12,5.06895E+11,,4.04667E+11,1.83445E+13,72723969105,75116280438,61179965000,28505555553,6.39633E+11,2026732349,3297725124,72253723775,1.11623E+11,,4356341956,4046210158,25611618160,3.39583E+11,3.80711E+12,,785818476.7,2.70331E+11,1.38481E+11,5.57632E+11,2.45821E+13,2.60757E+13,3.46548E+13,7.95421E+12,2.7417E+13,1.83194E+11,9.58607E+11,1.35215E+13,,1.55831E+12,38300194538,1.46564E+11,1.64446E+13,1.98217E+12,2.28059E+11,7696172046,2.66203E+12,,345457630.5,33057433458,2.66587E+12,36076479676,1.09066E+11,,21639975611,4713287177,2549810850,37644240225,2.92336E+11,1353005819,,1.20264E+11,,5574511442,5.27984E+13,4.03274E+11,39387545839,1.53391E+12,93507447063,18462904745,2.52631E+11,5.48805E+13,6.00924E+13,5.27555E+12,2.55312E+12,2.69676E+12,2.70314E+12,,7.36257E+12,,2.37861E+11,1.40227E+12,5.48877E+11,14966416225,2.81083E+11,2.20026E+12,24363164782,81386337157,4.98657E+12,4.309E+11,1.33894E+11,19589676909,50415280452,209771180.4,1417109964,1.70446E+12,2.83107E+11,8.87127E+12,37779073255,81718394488,5793403351,1.07331E+11,2213878868,9.65302E+12,2.36509E+12,1.29332E+12,,2.33759E+11,1.72995E+13,5.86743E+13,6073121219,3.42562E+13,82564123498,56353766041,47540188844,81350116563,,2.60556E+11,,21462936437,39956434989,5926159630,7.76755E+12,2.17193E+12,196868917.5,5.74278E+13,27776001083,33431836099,14510374273,2.61718E+11,4.44463E+12,9557907981,35063179382,,33955067194,15697313883,24324289333,19666270582,7.72812E+11,1.91429E+13,24095331316,,18300479019,1.06019E+12,30407027435,8.30319E+11,3.38506E+11,67824007260,157330601.7,1.68034E+11,5.11075E+13,1.68947E+11,7.12526E+11,8.97233E+11,82579824307,3.77972E+11,6.96633E+11,285453290.8,29904167633,9.73566E+11,3.09679E+12,1.3098E+11,,2.98952E+11,75808388047,19603647324,12652931462,4.6792E+13,,3.03239E+11,4.10589E+11,3.76205E+12,19530535135,9.13725E+12,1.62471E+12,1.67018E+11,43474382615,4.73741E+11,1301122671,12657966588,45552285015,1953517124,,1.04531E+11,3.63869E+12,20271999878,3.64102E+12,8.36777E+11,586656932.2,8862374983,1.57095E+11,63653371400,4.5616E+11,10474457959,1339615154,2338251744,,737899580.2,29776280089,2.45352E+13,9.02128E+12,10737846492,1.0741E+12,22501408546,82785052821,9.35287E+12,8024556612,4.42549E+12,562426453.5,9.13725E+12,3.64102E+12,44871556551,1.26788E+11,1.85103E+12,36417218.52,1.30012E+11,67184895622,3.74571E+11,4.01074E+13,71644540927,1.75217E+13,2.11197E+11,1191815589,5.43891E+11,,,5.14852E+11,791121205.8,1.11323E+14,1070790247,16750980647,1.04469E+11,7.14033E+11,59959700256,35985261667
2015,3990944634,64927903090,1.97884E+11,33594846193,,6.53518E+12,6.50368E+11,8.86441E+11,25532428677,,2097939602,1.10211E+12,4.31091E+11,1.73428E+11,7764251881,5.21017E+11,22444661751,30876071962,5.39303E+11,1.30542E+11,64356222357,11486754003,41200283032,1.74512E+11,3021505268,,74810796245,3.23349E+12,4960911150,33266312258,6336595998,35467952449,3346218905,1.5912E+12,2.69299E+12,5.29568E+11,,4.07689E+11,1.9821E+13,80001283606,80210094836,66110756415,29572839901,6.65582E+11,2071268122,3366547730,75678484327,1.14193E+11,,4415196867,4205337878,26889908088,3.55312E+11,3.89513E+12,,772848193.7,2.78823E+11,1.49657E+11,5.84448E+11,2.64433E+13,2.76652E+13,3.68363E+13,7.90956E+12,2.79981E+13,1.85336E+11,1.01122E+12,1.3939E+13,,1.6215E+12,38669190378,1.63526E+11,1.69916E+13,2.04719E+12,2.33074E+11,8141243333,2.71922E+12,,365289191.7,34706906742,2.76862E+12,37556128318,1.12634E+11,,22708162943,4957002308,2735157083,34580707929,2.91109E+11,1455582394,,1.26582E+11,,5806236810,5.46002E+13,4.17319E+11,41337420468,1.62707E+12,96740153707,18888800331,2.62494E+11,5.76234E+13,6.312E+13,5.56443E+12,2.68687E+12,2.85851E+12,2.85783E+12,,8.03633E+12,,3.24699E+11,1.39855E+12,5.68492E+11,16119986191,2.96964E+11,2.24152E+12,24850888644,84223963785,5.13602E+12,4.40733E+11,1.43064E+11,20571324627,54539587495,234075309.1,1447069082,1.82433E+12,2.87831E+11,8.96316E+12,40958994272,82935026543,5855354627,98864985069,2242794233,9.75717E+12,2.49437E+12,1.3443E+12,,2.4809E+11,1.85066E+13,6.1654E+13,6304864036,3.587E+13,83730582307,59096856502,49103842985,64464997488,,2.75289E+11,,21619077040,41648643832,6162301439,8.0383E+12,2.22816E+12,202140371.1,6.03557E+13,28759659628,35804053416,16108943985,2.83014E+11,4.54183E+12,10164369481,36281493744,,36625468635,15934119320,25457900426,20433114172,8.20845E+11,1.98142E+13,25835207465,,19298366103,1.09995E+12,32205093514,8.52113E+11,3.13315E+11,70827105300,163478392.6,1.72225E+11,5.29107E+13,1.78849E+11,7.3977E+11,9.4973E+11,88247614674,3.94438E+11,7.46796E+11,317573085.3,33090247891,1.02016E+12,3.23064E+12,1.30992E+11,,3.07312E+11,78979191676,20492621521,13331635548,4.82075E+13,,3.17692E+11,4.28644E+11,3.52269E+12,21489859785,9.9217E+12,1.70952E+12,1.77086E+11,46737001515,4.92656E+11,1348467487,10158056124,47143867282,1986253337,,1.05878E+11,3.79426E+12,,3.79674E+12,8.67263E+11,615452157.3,8651607280,1.62302E+11,65283414435,4.79915E+11,10831274089,1360832666,2479938688,,790099666.3,30927613681,2.63929E+13,9.02646E+12,11475346245,1.11961E+12,24108431840,89108877815,9.45492E+12,9783178533,4.52179E+12,589540362.7,9.9217E+12,3.79674E+12,46178226342,1.29675E+11,2.01236E+12,40171835.34,1.39498E+11,71426061391,3.41578E+11,4.18213E+13,72679122061,1.82193E+13,2.29353E+11,1220584139,,,,5.55113E+11,801180156.4,1.16091E+14,1128476024,17623441258,87975910371,7.30283E+11,62370347791,37017407957
2016,4026064568,67121529135,1.94887E+11,34134081398,,6.84231E+12,6.77605E+11,8.77492E+11,25863255541,,2237482661,1.14437E+12,4.52643E+11,1.69953E+11,7802059444,5.42271E+11,23589730505,33057199152,5.83983E+11,1.38995E+11,67319842991,11664185332,43425610368,1.71963E+11,3036584742,,78853625517,3.1608E+12,5129456131,32800933005,6919360906,37398943173,3543504884,1.62535E+12,2.81793E+12,5.38606E+11,,4.16517E+11,2.13876E+13,87323360875,84856536734,68437288037,29059126467,6.86905E+11,2163450282,3563516895,79754486839,1.13035E+11,,4419442844,4382957314,29276211056,3.72257E+11,4.07758E+12,,801273366.8,2.91427E+11,1.61369E+11,6.09746E+11,2.84186E+13,2.94706E+13,3.91017E+13,8.09893E+12,2.89669E+13,1.85065E+11,1.06671E+12,1.45483E+13,,1.6992E+12,40675286170,1.80909E+11,1.77337E+13,2.19792E+12,2.41879E+11,8436832019,2.81127E+12,,372607966.6,35820248114,2.85627E+12,39067851738,1.17791E+11,,25440516492,5108594191,2938237476,31876738090,2.93903E+11,1526469103,,1.31924E+11,,6067141174,5.63413E+13,4.31064E+11,43416307561,1.72439E+12,1.02321E+11,19372754313,2.66658E+11,6.10649E+13,6.68237E+13,5.82798E+12,2.78055E+12,3.03521E+12,3.03021E+12,,8.78792E+12,,3.35357E+11,1.60324E+12,6.62135E+11,17638152067,3.2016E+11,2.37529E+12,25468236187,86851052720,5.22177E+12,4.50454E+11,1.53131E+11,21690517215,59012585012,248773766.3,1504240053,1.90341E+12,2.99493E+11,9.05428E+12,44314829461,85188045149,5824698888,97152136717,2338657174,9.86333E+12,2.62868E+12,1.40427E+12,,2.62055E+11,1.98186E+13,6.53219E+13,6578953781,3.77532E+13,87005466604,62953987459,50704954623,64701794625,,2.81249E+11,,22819070819,43785359847,6624544111,8.5664E+12,2.31659E+12,207021010,6.39619E+13,30822819449,38294923472,17461932043,3.02881E+11,4.94074E+12,11118359283,37106787271,,38441930177,16405342263,26724030474,21169672700,8.66746E+11,2.03363E+13,26411068143,,20470418145,1.094E+12,34043028903,8.74312E+11,3.02264E+11,72023121031,182453748.3,1.8361E+11,5.46165E+13,1.89809E+11,7.65722E+11,1.01318E+12,93643298812,4.14515E+11,8.06934E+11,323603535.2,34816199005,1.05311E+12,3.38828E+12,1.30752E+11,,3.20539E+11,83286395428,21692146591,13907374220,4.97279E+13,,3.28011E+11,4.70257E+11,3.53079E+12,23024292837,1.07998E+13,1.75708E+12,1.87437E+11,50251358109,5.12797E+11,1407121709,10890981977,48854229984,2052148940,,1.10217E+11,3.89647E+12,,3.89909E+12,8.92616E+11,648142078.2,8259820883,1.67402E+11,68542200601,4.90431E+11,11088591698,1381663765,2619951064,,833881767.2,29309973474,2.83644E+13,9.25437E+12,12245731529,1.16984E+12,26047146785,95668470993,9.55925E+12,9960055181,4.91957E+12,616128365.3,1.07998E+13,3.89909E+12,43743814252,1.32748E+11,2.08737E+12,41843559.77,1.50708E+11,75659346317,3.53743E+11,4.41101E+13,74715447126,1.87072E+13,2.45991E+11,1257344659,,,,5.96038E+11,838289209.4,1.2148E+14,1232699332,18541327719,76823303515,7.41215E+11,65421373556,37705065648
2017,4157176527,70220349482,1.98299E+11,37154201393,,7.04343E+12,6.93874E+11,9.18033E+11,28331472880,,2351731008,1.22096E+12,4.74515E+11,1.72695E+11,7990111828,5.7127E+11,25441421706,35824547365,6.3843E+11,1.48228E+11,71208638548,11893819216,46033486454,1.79669E+11,3138777544,,83723411343,3.25514E+12,5217909571,33868483280,7351751580,39217868583,3774332663,1.70728E+12,3.04633E+12,5.61167E+11,,4.47887E+11,2.32668E+13,95836748084,89538347743,72337232184,28693520065,7.09421E+11,2288692584,3765681775,84031346801,1.14857E+11,,4425097214,4602013050,31694872619,4.02796E+11,4.30274E+12,,760986203.8,3.12938E+11,1.7211E+11,6.29413E+11,3.08178E+13,3.15349E+13,4.1906E+13,8.691E+12,3.07768E+13,1.93049E+11,1.13243E+12,1.53833E+13,,1.81195E+12,44363509177,2.01867E+11,1.8821E+13,2.29912E+12,2.57429E+11,9063659033,2.95918E+12,,389874391.2,36676229905,2.99768E+12,41721346034,1.29805E+11,,28594264995,5456747740,3171312122,30960609959,3.07367E+11,1624843661,,1.38142E+11,,6312295985,5.89327E+13,4.56167E+11,46359852557,1.84995E+12,1.08689E+11,19972604339,2.85409E+11,6.5575E+13,7.17125E+13,6.2099E+12,2.92658E+12,3.24964E+12,3.26868E+12,,9.59684E+12,,3.73036E+11,1.69506E+12,6.57889E+11,18997605752,3.38652E+11,2.49411E+12,26212727385,90374361785,5.3198E+12,4.77836E+11,1.63629E+11,23141637562,64352721029,254335004.9,1502522974,1.99813E+12,2.90804E+11,9.41376E+12,48269626689,87286452031,6081936621,1.25408E+11,2443879568,1.02652E+13,2.81871E+12,1.50199E+12,,2.76168E+11,2.1365E+13,7.01001E+13,6551338749,4.05479E+13,94227511602,65948316649,54606977827,72450677327,,2.98732E+11,,24343551902,46372570452,7209740844,8.86786E+12,2.42367E+12,219513754.7,6.86445E+13,31852356726,41130057354,19426773746,3.29498E+11,5.17842E+12,12046041760,39830151122,,40638198090,17230933227,28270664550,22434950110,9.33934E+11,2.11966E+13,26679511316,,21880262428,1.12378E+12,36312148556,9.33708E+11,3.27237E+11,79427520978,193646253,1.93858E+11,5.72961E+13,1.93933E+11,7.98122E+11,1.08978E+12,1.00501E+11,4.33034E+11,8.7718E+11,318154002.8,36733131213,1.13629E+12,3.50606E+12,1.29696E+11,,3.37617E+11,89077357208,22798598614,14775883858,5.20451E+13,,3.39526E+11,5.21652E+11,3.78363E+12,24897019144,1.17654E+13,1.7772E+12,1.9918E+11,54833442984,5.41878E+11,1486829570,11565352170,50931109815,2122523062,,1.15377E+11,4.08383E+12,,4.08661E+12,9.27696E+11,686029522.3,8558820521,1.75382E+11,74685029483,5.2178E+11,11528169024,1289295899,2785414459,,886062006.1,28974454320,3.0759E+13,9.93598E+12,13022235349,1.24005E+12,28564098680,1.03824E+11,9.95622E+12,9220301251,5.15617E+12,644791264,1.17654E+13,4.08661E+12,43544654677,1.37739E+11,2.264E+12,44384557.4,1.63993E+11,80075755457,3.69356E+11,4.72422E+13,78108553382,1.94854E+13,2.61851E+11,1294061009,,,,6.48742E+11,891809044.2,1.28826E+14,1268886983,19692223798,73631685331,7.65988E+11,68933607044,40229128006
2018,,72672245387,1.98796E+11,38306694289,,7.37578E+12,7.23047E+11,9.17057E+11,30530737471,,2587025104,1.29119E+12,4.9061E+11,1.79401E+11,8316515956,5.87186E+11,27848437266,39204511840,7.05409E+11,1.54254E+11,74239249145,12374311871,48608054272,1.89658E+11,3312832025,,89385174346,3.3717E+12,5318374172,34711625924,7670628445,41962343770,4012783797,1.78365E+12,3.19983E+12,5.79644E+11,,4.72397E+11,2.53987E+13,1.05468E+11,95445473796,78365921094,29693915857,7.45372E+11,2424876349,4053273974,88345598621,1.1912E+11,,4434702005,,33509176477,4.22303E+11,4.40136E+12,,797176307.9,3.22751E+11,1.88613E+11,6.53772E+11,3.35428E+13,3.36988E+13,4.5004E+13,9.16301E+12,3.18845E+13,2.00474E+11,1.22166E+12,1.57929E+13,,1.85565E+12,47517185746,2.20867E+11,1.93901E+13,2.40358E+12,2.67167E+11,9611834270,3.03736E+12,,400216842.2,37883653708,3.05674E+12,44789064972,1.41295E+11,,31096249558,5955628693,3372009140,29771074845,3.17455E+11,1733950625,,1.45957E+11,,6731168974,6.12793E+13,4.81309E+11,49267902237,1.9745E+12,1.12785E+11,20762715968,3.03834E+11,7.03904E+13,7.69714E+13,6.65864E+12,3.12057E+12,3.50094E+12,3.52417E+12,,1.05002E+13,,4.03828E+11,,6.70123E+11,20260872413,3.54634E+11,2.52787E+12,27372406646,94372078341,5.41512E+12,5.09544E+11,1.78208E+11,24535043897,70863003180,265743788.8,1584126727,2.07118E+12,3.016E+11,9.75518E+12,52534782954,89591523930,6306255635,1.38675E+11,2524868896,1.06403E+13,3.02439E+12,1.61386E+12,,2.91974E+11,2.31408E+13,7.52894E+13,6787040655,4.36525E+13,98920631432,68878323882,58383571139,78254752438,,3.15159E+11,,25784391462,49670559379,7894130972,9.29808E+12,2.50421E+12,233011656.7,7.37256E+13,34074405985,44196429739,20589238249,3.58451E+11,,12876309805,43748568746,,43055208923,18278024136,30052196420,23785805318,1.00205E+12,2.23322E+13,27180101703,,23866321074,1.17346E+12,35777246339,9.70605E+11,3.48145E+11,86779060267,209670092.7,2.00332E+11,5.94721E+13,2.02162E+11,8.3257E+11,1.18141E+12,1.06735E+11,4.61223E+11,9.5465E+11,331462431.8,37319091772,1.19012E+12,3.66502E+12,1.26338E+11,,3.4357E+11,94602054769,23565379543,15557159799,5.40626E+13,,3.5299E+11,5.49289E+11,4.05079E+12,27698509346,1.2854E+13,1.86481E+12,1.99297E+11,59969728879,5.72504E+11,1581757114,12255348025,53496381454,,,1.21732E+11,4.29679E+12,,4.29975E+12,9.67183E+11,721417562.6,8933888036,1.83763E+11,78660992038,5.41835E+11,12086620030,,2956763761,,955588678.6,30464211277,3.34788E+13,1.04659E+13,13994437274,1.32271E+12,31395879239,1.12947E+11,1.03288E+13,9710681139,,662479516.8,1.2854E+13,4.29975E+12,44496002453,1.44598E+11,2.31062E+12,46602386.88,1.77135E+11,87072914178,3.90973E+11,5.05337E+13,81307488150,2.05443E+13,2.81968E+11,1354257780,,,,7.11567E+11,942766130.3,1.36305E+14,1271615568,20941135072,73387720841,7.90823E+11,73292481293,43747235742
2019,,,,,,,,,,,,,,,,,,,,,,,,,,,,,,,,,,,,,,,,,,,,,,,,,,,,,,,,,,,,,,,,,,,,,,,,,,,,,,,,,,,,,,,,,,,,,,,,,,,,,,,,,,,,,,,,,,,,,,,,,,,,,,,,,,,,,,,,,,,,,,,,,,,,,,,,,,,,,,,,,,,,,,,,,,,,,,,,,,,,,,,,,,,,,,,,,,,,,,,,,,,,,,,,,,,,,,,,,,,,,,,,,,,,,,,,,,,,,,,,,,,,,,,,,,,,,,,,,,,,,,,,